username,password,password_salt,password_md5,password_sha1,password_sha256,nat
lazyfish559,vamp,e9nHPTCk,429941599ca62022d005390433aa9290,91727e0e63bc1b648b2f189b1984988f79dd1153,e456666f58ed1b7f8a817c111c112886d9580650b8686eb64738e791b2a8b7bf,ES
lazykoala676,account,0gPtkfq9,dea14c2f75a4f90dc2a5e0c453a6f651,b417a93d336c10ee65e40497cf38c87d2fa1c127,4811c21a0a84e5f08fc1ceb6c0bedbf658eabf1feb56ace27ef5ca80539a3fcd,NL
heavygoose501,photos,tX8Dx8L3,14b09760f5c1508be9a83170839f98e2,3d601517d6e7be773aa06500831f1870abf303d1,1cf4c6f134cadfd2651eef23c5bd3f8077f4e372cecc0ecb442f8fd32b6b2f50,DK
sadfrog920,rachel1,xp3e8FHW,81a4e37eb35fa69b41104579de3166cb,2876ec6eebcf9cf6dbfd802cc13610b14c4d8d76,9113667df540ba4a7d734289c796d52e582bd4056ffca821bab892451111fce8,GB
ticklishbutterfly309,woodstoc,UObQU82V,b8b81b36c0172e5ce634735bbcbf7d6d,0d830ae556679947830967c2fa66e91ca241f47d,e7faab1ab4f079fab4f084061a4b3e0834ac8849ef3148e90abc369faab391a7,CA
crazyostrich533,myself,NNbP8nRU,2a9c9510dee813df712f2770725c368c,3f6394085c6bf4f5892a2f4a0ba5792e3d28c98e,be25a3a0f94aac7d2d0dd168a79dfd30343ce84fbba6b86e2bf876c40aff88ec,FI
angrygorilla274,gonzales,1sq2q82h,3ed4238a2a5fa7d6313da5b48e85f9b9,744a21c7b711bc6edcada0e50f6a08c1bfd75449,4c63b03ae9076887451778a7d66ecd82422859b51d8a40b26c690d1f489dda85,DK
purplepanda790,towers,f9ob3qFO,88a914deeb9825d0a301929850ffd7c8,7159694ee6cc082c7ab9d4463616e743de556cce,587e0c275fa1e64eff907d2f3cd49fa313a9012014e9832993f6be2435edd9ce,AU
silverpeacock930,1218,ZqaNbswm,30991e6de3173c0312493e1dce0ec6ad,56b3db89554f3dfee325df60ff876fcfeb436745,31358f5c3d8f791c5040c0d646325c1f5391a5a8b31fe20cadfe43fe862cab5c,IR
orangeostrich224,thrasher,0eYC5DoZ,829b1d3c980e100ceaedaea4ef1d95c5,a6684f98d96aa41d1ac1a63e6d7efa89f333f18c,532fdcd8a7dfb99bf166a2a6c5df5e129b04d27c12f145ba3a375cff20a62593,GB
ticklishladybug302,fiesta,Kpp95g0y,8e52aa65e2455426a9186fb550fc04b0,f475e3761b131b55e0cd0345b8de82449a14521f,dd140bb8573eb822e316ac0f97c17700de241b46fea2102ea4d787c1e42800eb,NO
ticklishpanda889,fantasy,tMJvHFkT,047e73d1b5b7da3d5784806364543096,23249924b3b3a93bcffe91f37113b22b967799c6,0104099e9913daecf78463372fbc9cb8d8aef08b5971222385e430635b872290,BR
silverduck979,vvvvvv,jDEleuDx,e1db74f41c669b8cd0fa8117addb5976,7496e0dc8670e0d7a9c62f99df2657cd4639d1fc,aecc392be618c0e221f1a39c206013517e5d465774fb52b0fcc841f551a8008b,DE
redkoala978,lockerroom,008HTlhw,375e33505fa0bbea67981ebf57eda035,c2557cc1c504c9d5182256bf274d7eb860988933,7d66d9750521fcc46603931f6698e70835779b96eafd534b6e5aa878f9bd5edf,GB
crazykoala938,trauma,7AtcrO4I,e35ac52f025791caa56f17a85339afdb,e33e91a3f031ba3e62a35e1cc5a350de39087070,8696aebc452689d7c7b4d31dc5694557344d41373e532c70ea5bdc788bbd338e,NO
saddog365,pyramid,36kVjAFU,ae249b424cd071f2be92016e6eef599a,7a5d7967c9f713570fe23d50f58082c4db7f9d3f,14940556afdf49322a465cc71e545345bf98cc2e60881732c2e329d8ee3b7e14,ES
bigladybug372,benton,91ZZeEUy,123f148d64001d8313970fe283c0bff6,40644151a5426bf2cf7fe153c5c012bbe8d3253d,6c0374e4e904c09f024b2160f296a60d108ad582da9f3c7d518baa0be73075f1,IE
greenostrich506,sweetpea,yUKga5Ga,d3a9aee0e406951a999682c5976b7beb,b9ad1c0ec09fcf2207b0ca0ff1b17d02a6b6a920,5b4fe3186e46f1251417c9abe0267c7d1b1c311ae111e7a35959852698f4e8d3,AU
sadgoose476,doug,IuzCVe6H,338343e0416d81c2fe4ee74cc9fb2b68,d84cae7aa6f16712e201e92b8ac4bc6fc5da4d95,a76f6b14147cd8f782387c4400741688b3d88e1496f9fc9f6e45dd412040667c,CA
angryleopard737,1975,3o155PQo,61d0bddd860cd8775e035357c3836baa,dc342cc19d31791eb959a660aead511d5e4b924d,b92eb787309a98095d4db18e67511c377990926b6320c0efae6c05c2ad822092,CA
beautifultiger722,long,n39S0aJu,eeefede71c2ed1c9a844d163e5c95dd2,f7617e393abe000189752c1db31587457f65bf11,23e48c1239a28ea7091084ec100495a8b35cac251b41df85944a7271f673caf0,DE
goldenbear375,davids,qV6DG4BO,853b452211fd25ef6fe0d95b27a00592,9a0d652e5ff0d3fa797f2e98f4f6b4367590d499,8285aeadcef05ce303d796cbd9e2436c9a3d7616da449f4a00d9dcbaacebc238,CH
reddog572,latinas,EIX4NopJ,0eef4bc9082bf870db632ec35c49583e,081c141154a01a4f6c60907b11953fa6be4dbca7,59e5e200a1dbbec028cc7d1cda2baf1b97f4dae5c22cc685821805ae9c23dd18,NZ
happymouse401,rubble,8gReh2cF,b0beef12162882c4e42e4e8354bb8c6e,3bd0e5595c1a7a070835675d4d07e223236d0bba,1973c69405c166f6a35d6559de7e838019216ed93cb571874a689914f691b30e,IR
brownmouse811,1970,qNuoo1X9,f6dfb2b00c6e946bae339afadc8f0d81,e13cc9ac6b8e8de1a5877b682811771bf291ce3e,f43d05d30721f7e781c0e4d0bfbc0c7b2d9b1a44a152b17e8366b87a8cce7baa,BR
organictiger154,werewolf,3niJhARL,13aef7f9ba49245c9dc6ec061713f4ef,fcafc901ce5012d6f4f008237051a3aed6238c41,c543342f2ea2f6792d1f07b47e4bc8c736e462c67de78399b4fecd057234162d,BR
greendog182,vixen,vLfThAGT,afad1c8ff78b766120cd124cbc45d99a,49ecc67828ec6c5977ef55fbc389c5a3c0b3fee2,d501235531335b87f186ec74a9e9ac2a0a0a5c8dd919708b61623144e3a82df0,NZ
bigwolf863,supreme,KMpoTgMG,66b49f6d3446f9aabb4f84707262a937,d7d43f6da7bbd69d1615bebc0bc1425c5bbf19e0,1b9207a401602a32e3adf49d3e4d7207b0d13b1e66e493cc9693860e0d803914,FI
organicpanda187,charlton,IEadJu1L,42da2b15708a67f980562d8b5bd98fdf,53c1b2bb40274536709038e75ed35641c946833c,ac6bbf75ec2ac619ea4733549e543f3081d8a24f4774baeb8f4afb1c8df05e26,DE
organicfrog694,dogface,w3ZVoQKf,95fe7bb5e28de2c9673a754ed315451f,58cd64ca327413b0fafffa16d1460f56438705f9,761be11c36378c3778cd6fafbf1fb633fed42c11136a79d87cc50fbe0e1639b5,DE
blacktiger826,wxcvbn,X90pMrUZ,4cb7da287ebd06d42ee82e13a8a648fd,fb3e49cc25aef3e05bf90749d4aa3574f5e40033,76859ca7ee044a86bd5e90f9398ee515ee58923e77462cf6398345beb4d0ccd8,DK
angrytiger463,screwy,rPQPxf3b,c4242ea9b6d929a0c54aea3202425a22,c1074c61a8c0d34e6e5a6fcd6c96cb5a8c769dfa,74c751db82b5ab20b6224c1fc18bfed524ccd203b0e1b59dae5f657b1248e582,DK
blackfish342,wareagle,03YGEggJ,b19bc28cce326936dacd34046878dba8,e79457c2d9c828542409c0db359e20785cfbe83d,c7a272fbcfa4da831f6c203c0d7ae1871ce56d2e077c4a45ad32996c0d009755,IE
whitecat483,japanees,auByZMpE,e3ca02db0da788b9c6f7b5aad8ba75a2,3a9eb153834d1da61a455b917cfe23dec559dcc2,0db392552f9683c452677d32717d66ab7f507c969a383ec5eb37b02fb0aca219,BR
ticklishpeacock185,chloe1,aUV0sodv,411ff951a25662a90981779d4ca59c88,a6c1ea8374264d3b9541c72faa900f7b7601e69b,73bb9bdb8364daebd84dceae7af376d99482f45c206905d62b2c26ed0ab8892a,AU
tinybear251,scooter1,Og2prqCB,a1cb5ba32de0472edf8f9ca29041385f,01c4c66d339e4f6417059557368144f89b379e90,bcb22bbd56e0f79e65c21e91b0284ac6a62a2aad98073d558d2194e9878b94a8,BR
silverkoala202,bacchus,xKiBkVGE,a1b5f76984cce6f8226a16f7d818922a,ffa20158563e3b30ca502c24e74d53288c2ac1ef,f4d31df28b03b832bed6ebbcc8c0513804aab93345fd65e085c8c117e4668723,ES
brownfish395,theman,QOrNsYUr,eca8e56442799e01a61a0a394b253ff5,c684f32cd90447242b519b606f20012bd964d37b,bb6c9da04b51c571fb0218ecb84a7bb1acdaa8dde0919de331800a1cab5a7601,GB
angrylion534,erica,UVjsF8cw,c8caa02465fc920d1ff1a6e3aa9525b8,64467e9bb92240380ce47a2d083fff132dea7163,3e70503edb8498d1d894c7fae86edeb7955727039a208218eb747490e4edcf5c,GB
bigladybug636,ernie,xqthkXO7,6307da36d1722adf8bff3cb929a00cfb,d8665be9bd4ae2b3766831bf3b7c93755f29b7ec,fdbeebfa2bac534e807d8d2d56ca32c78e85c786fc15df307d3224a44ba61e6e,US
blackladybug564,bitter,d9qaIWJk,2f8d43944acad5676b52b124f0e09286,b5201b41b0492bcf1b5606ccc47757219ab6b63a,439cfc4d3e2706d4c607d6ff60f13a59c84628df57eb20a634bd5002e8db4aa4,ES
crazytiger241,maxwell,swXC7Ds2,a10ab8ece26c550f9f76c741e4c20d91,d5d3bde16bb29f8b2de10298699510d952728e96,fe4574cbd85906cd9e4d93417112bf85912efe43857d12a5c9f1e2de4177be7a,US
brownswan154,thing,kmH8CkwQ,a0d8b94f4124c1ac760f9975813ec47a,662dd1cd0b24f5b51df3788c0183ccdc403391c5,93eac9fbddb3a707d618b11343f390c50eca174aa4fd2adce2daace067391a72,AU
organicdog936,1124,WK3JPC0w,7ba5f8747bba3d71067c592e79d20e0d,b996f0b318c1dd1b7b312658e35a4dbfbcecfdf1,45abed46acb49ad9810845517c8014346f03be4739250f3deca852024cdf5fab,ES
smalltiger427,yankees1,70eqMyMA,a17986e024c353cac5a925c38a5d40ae,d2ac57419092dd85202e9ce15aefdb21ddc474d5,1d6e6f6d91dd97bfbd37aa9708bb0fdd9b35a9f0cff15bbdca928923056c49d9,TR
greengorilla933,blunt,0yU70gMa,5ebe77f340d0dcb7d93c8c815d070b0c,914a9206e2f019a96c9265ea2f75b6a426eb47bc,d9e79877fa60194768c27b36871d654bc6caa90b53b8237c6e68365557f37201,IE
happyfish717,irish1,HC0lpBng,5531342577a039dc3930f9fce63999dc,54da72ec5bad73cbb0dc39cc9025c282ebd4399b,f397a6047200dcb24f6f4fbb1740940e038bda6d71c4c7fa6dbfc83faad7e0f3,US
goldentiger744,spoons,inEAzHta,c5ee44a509ed7efa037d577f2c47a23b,4949bd056e0d115a059b8ccb0d6b32be47cbf9c0,19a61e1712206ab4f4a3c0d12c510fb47259bfa532632b12080ed204ec05a6de,DE
angryfrog233,peanut,oi1h2Gwa,d660aa306702de862e4448068b2d6195,308595f165872d42ead8a361b12530f01510e9fa,a82a69688a199582ec6e34a87f5637c2cbe7877472139a38d378b615b71518d0,NL
yellowmouse719,chevrolet,dtINuLRz,968ee82ea9220e7795dae7723b1a33eb,84b2579198d0ca8fbec0df73a88f1e644d7dcbfa,b35e540c96ad9454c53c21a74c04e9c03e3ee6f1729553de3ff1b57c5e61525d,AU
sadrabbit363,popper,wdz4OSnm,b352dc9a9f4cce28d17769b6dd6bbd77,9e1f0b4435e17cd8cb1e20d0967fcd78c38bca6c,df9ad23f9a3b65230a7226d90342de6f4e0b2b3732fe31c23dbcc7c5afde380b,FI
brownpanda310,gonzalez,67WvUUbi,c7d03041cfc3e0e685d1f6a05a88df0d,931b6f3e0ce36a917ee012059f65b3675df661ae,9532fe59deea2047f357d0755872a8754c42b06cdf3bbd4a0e6fbfc5dc8616da,CH
yellowtiger681,richie,Ja4yfTGo,d6caacd934ec74955aec4809a3aea83f,4d4289e7e1bd013c9b6f6889389975ebb507e32e,1033e83d27653383da09ad369c91c6f3af042f4e3b67d4235b182370b81752a2,TR
blueswan799,zhong,5IRoggpp,b3f8e6ec34df2660bff168aab2e063c2,e61bf1c62ab2a4e57895576e6d4ece4c8021e05f,8edbdc141f2d22ab62697f228189e1828675b286a1c67fc78ffe8be83a720bf8,DE
bluewolf875,bucks,uisrqWJQ,e786ed19ec29eeb41828305d9280d327,2c33c3315a242e22b4c159d93d29961f8023aa46,2e777fe9ad838db49667392b8fc192704753eac0d84118916817350bf2e846a0,FR
angrypanda233,russian,U3U5TUjc,c64188a5edf9a4e345eb2dec64b5ab3a,7c3468a39e6f78b7993553902cb1a779b2079a88,c35e4b27495ce38eb90756078bcdef64844fbf023a7d34b535eeae77f146ea56,NO
silvertiger609,midori,Q1ckmspz,88408d5f4fd64300dfcb7df34a801dcf,61bf804bb010980e88616b57cd4c26755388ceee,703d89fc14e4df8e47fad0448c004e894f03111bd016ec5bbf475542f3de74a9,NO
bigkoala828,gymnastic,XnCmQpt4,b31518bae1cfc81715eebf0f0e19d965,251a9b27ace56398dfacc2df7fb66a68ce633fc3,dbc80b6dd9e3f921bba4828c8eb011704e310e06f7399d56bb866ae34618fcde,IE
orangeladybug990,lesbian,fUSSuoQ4,11ae65368c0a34cc0a87667666d4b3d7,2cc5bd62fd1b1afcebb3a1fa1a1eb608ce03000c,95640a4b2b7014c5b8fe8ab4a18049b5fcbcaf6f023b7fc41c23d95eaa8d96b5,NL
whiterabbit730,chase,M2MzrZuE,9ed009cbb2f4064622cab69cb33a8e1f,eb0c6cd241c880d244c77e5484979a2502f03d7d,139090e0c1e6a7d6c07f17d6e2461de9faabed55a08a719466cc929a945c5b32,IR
organicfrog601,viewsoni,0KleyQBV,fe0327cecb089cd4cf3daa22963aa475,afc1438782e327349185ec04bdfa5f17565ec920,363bcfaafb815e6646bc88edea49f8a2a6bb9936f457d6d16cecf30ab0744dd2,FR
heavybutterfly966,glennwei,4cCfPyGa,1e13b6ae291595c82c43bb0d278c503f,028e7e7d85d09040945672d1f9bc385c34f32063,5665376cfe4a7695d44697b5b8b596d3814673d1428b9ef16185e655a84b73ed,IE
organickoala930,dadada,So0VxUUr,d389f33a69ed36c2b9d84e76efaeef7c,91ac363262e68f1c1087a4ba950ca7b45fbe4c32,96f0d437ef761cc0111c98f21412e835f52293b7cd71c964021f697f8bd3103c,CA
beautifulpanda500,abbott,BaTVwbsW,1a2c313c0c546fdfdec9ea9752dec834,034182bc91080ed1aa999aa68962979af2eb349f,2110a5018f46e1125adcb8de0973b6df04cd588e921f6756c85d4152ae65ed7d,DK
greencat331,bucky,ch7qllhe,17ee229924553f41a32e450c55057054,41822487add2c5a28787fb0375c75eef45a4752a,d078b5009e0ec5e663861474e53cae99589fbee7378ccbba4f8ac69189855d0d,FR
organicbird660,dirtbike,W1Ae9lyp,7dbc523a622c152017bfc91d3ebbcc83,0ddfc5268a6ff06c37e6f901dc6585b09843ffb2,d11c2706ee22e47fa16f2bf4c9745f7941351bd1eec889a25e8ec85d4b204f92,IR
greenfish812,honda,kzIZQTfy,0091e954aee589b039021e90839e6aca,097fd48b0b8b66a4a46d53d708be066f2277c44b,2270b41fadd9ef72b717725485778fe3efa099e6cf70162af9926af80655ef33,ES
greenbutterfly244,mantis,Bxaq5JMp,24b9090223c28f67e33db41961df6627,570499033c6489e8f378a2923e54bc79b2f6cc17,93fd52d4d96628f2038e0e203b353a8d516952b898516d7f1b1ecdbc37bd712b,IE
purplerabbit344,gotmilk,LX3UYQTe,57b01940483cf6261bf082d02cf77666,4dfed71430a9175d908ac0c96502babfcee53b42,95f516b51aca7fb5e9ffeb3b85f4352552dfd543e3c53957db5bdb89e944a007,CH
whiteduck936,climber,QO6RxwFv,4ac189737071b0b4b28bfc28142fdd22,c5e6f34db8a5ddebee7e5e10b89b09010d0b4769,b757a7a332a51e6fe459d48e546eb883825d00c136940f18144eadd67b34bd66,ES
goldengorilla757,kawasaki,DcGgs4ab,9b8bf025bc5dabfe3ff575f8a56dcaef,70ca3fe6f0e25a9a7f39bde5a2246437f9aee547,3393e41ad171e9f9da57d70463cdab85c01b551dabd270ce9068f5b89525d2ca,US
silverladybug435,spock,fQfqarwA,cb67c62c744be42595c95e6436c8831b,cd30f6f32696b7c36b6e1f1de915664832788364,3fb05062db5a8eed15db432f81d9aec82d0c059ff0e871e31659eb3dca24f026,TR
yellowpeacock818,zheng,RHNcOHs8,3cf94ff17f5cd75f6139fcbef8081a54,d1960c9b12f2c7f084dd6379e6d32ce16b0e8799,01c862b0ad3c381cbddd9a7e223318bfd50be664a0518bdd39a488b65fb10730,GB
bluerabbit778,sadie,Nidfa9RK,abfa6ecedc7e5328cc98ae946dac12c1,0632c28e4118b50ef5146a26921f2dab7adafc34,5e624105914d54b1b628a5809e6184fe57420a92dc30b42278a8dc988e5b08f0,DE
happymouse423,snoopdog,U76X7btk,851bae0499109d376c832b40e797d1bc,09c2b8bafc400dc51ba6f6657f2aab00c02110cb,90cfc036850eae8ebe6b783a5007e85b6f5a39e7712ecb24c3470f258c654d6f,TR
happymeercat217,shawn,79lT3wEJ,aa22277b6b663314fbe3296e39315a72,c4e8059717e270795e56e926332102a6160905c6,7f1b1f3687b58020754b293ed0a83ff7018d3df18931a08f4e400760aea93884,BR
sadpanda500,magellan,ltddjc4T,3f5d7ccf3dd747b847c1cc15d74c98e3,e2ed064b60618a0fc956eee7005a17f7e1f30370,6966c374f7abfd35dc060725a972c2d558d656b861c6d6fe11f941b8ab931624,CH
redladybug692,1125,qdiP31nL,beb6fb90526a4219c66dd63c5600b999,9b49502941b11698f77828f79dcbc4aa8651d583,bed4719557e099f176cd2ba277a357aa71e3cf671ed71262041d44f804d0d138,AU
silverbear724,toaster,s1Hgqrkf,4cc758c0114feb260bcf3468a5b37bc7,58e5d614124d6ab232b5751793535b130bde6d0a,ea6f87f649a421966c2ef445211f15b25b556d6ea391cc589e5cd57978a2b18a,DE
smallkoala340,lonestar,RRGCsw3h,20db3330f6db27d5534a0a0f272bbe11,4a6e3382653929d4acfbb27212d16c8cbd86c897,431d329980ad2e3cd9a5de188e1760fd54f19f2b72824ac8f4d059ed3fb46ddf,BR
sadmeercat115,mouse,DNeKxqAJ,1b9166e4128d8c3581b47b1bb99a52fb,1b55d6ea00ed476aa87e7db9e9c0ec7967c032f0,c3e5b97aba902e8cb181e22c84d0d875d68d8f73f6ae5a2e2c439482b894d42d,NL
tinyswan905,bigbob,b6V76gfD,2a31412d560e37b3c3720c886f8f0524,fd5b0ee34a32a9b4f14596395e3ef7e8a1e1ab68,ff31ac467b09f91ba539b5e18544dc1b342490b82227f9d7edb58ba8ad6c7f6b,DK
smallzebra204,annette,uICS462v,fd5d7c0b3761dad378a54e72b2a4454f,1c5e6c5976c7de77ab5952e02e100b1cb91cf67a,ebea8126a3adc9df6408ce266f32839a7ef15192f76e9db9b08668e97a482ab9,BR
blueostrich301,jade,txOkIJGq,eed308ea42a7d6247d487b5a1061b3bc,a98e12ba748dd1b38af8e3a410f4c76c723c3a11,bbf99b740a3edf5d2c42d90bc154bfa3800ab2c8dce2e1fe9f5d21f03389e2a6,AU
happyrabbit583,hansolo,nzmhIUri,c9dd904ebeb0c332c90b9ba4d627b586,554a896068094cfe183f6435a76a98ce2bcb743c,a28fc214b90c1325b69ef254f197e1e4528573b60789a0f302e3dcfe7299ebec,TR
silverbutterfly270,revoluti,aqCZ1B92,1191903eba59a6e2fdd8d6e50cbe823f,e4a0ca59ec869cf01ef02d17a44bee875ebcb0ba,7bd78758576b855041869d0b2bcaa7e1101b3eb0006dde66525718e8996b5613,DK
goldenmeercat531,veronica,Mmu3CK2n,27de29a407dba021b62d1601782d28b8,4e84e0dd1436979587948d6048563539a72e0d7c,5c79e54abedb08f3be8b3731c9a7c3b7d0ac7f3888f1d4e7da2651e2fc15dbc1,FI
beautifulrabbit730,flyfish,dkGo1TkM,6644a695458cc5880abca718b092d1fb,f06a3027fc8ee0612a42376d8fa3165361548842,5d8e8a3bdbffc9fd0f5b3074d83c59c3e13cd115742ea118ac32ba5a4f7f0fe7,CA
orangemouse255,woodie,XPFBn1pi,741f615395c5be4716d75968236fc61a,e840b5939e533a3a20ab4144e0b4bdeeb74e1981,3ff9c70f1e12c51d87cec36637b51cc7884de39f1f9957e2a5811b8a7902a2b4,DK
bluebird614,3232,va3ONrYt,b6d19a7394dc97b472ab67bcb0f7a7fc,75cb3e339692a68862226094bef08f7bc02bdf27,651fbcd994561cb9fbac8d5f04f6dd78a528f0d087841686f513445a192d6d83,BR
crazygorilla797,tigger1,mzNytuSw,40b79650ec4f29591fdc4033cbbcd454,2beb2ac7f942605951643c9bee00b70261d6755f,5d07b5c1188012e136279e121504af1a2cabe5e1621620cdb765893060c1fa6f,AU
organicmeercat376,reng,HwUNFB8Y,083bd8e433d7ad8f2b00ad50131e4406,50ca5fdaaf43677412520b66803b70adccc67780,fa19423806fc122a9fa3458a4cc5eef4c72912a5121b015ee5af441ee18c7f29,NL
ticklishrabbit969,21122112,0afUS11k,ad096be0141e9820d6b3a2cd135aeec5,cefd11290fe5c7b85f41e58199fc55bcbf4e12a1,97f776efb8102e21a9c83194a76120acd8bcc0de9438452c40c0652463ba70f9,NL
orangelion778,morpheus,0XGPl04b,03d9ba9468691f2340e21ae5ed2b8d65,70e9ba8ee3c667c198624ede29df2ba8e7d9ed9b,f94ced97993ec8a5bb1fc49b43fa26ac23e1f56af95c821e3f89c4b3cc158afe,US
whitemeercat723,kool,YZrKwEof,ec38cdabd73427c5694a52a1d47ce6d0,97e6a71021afae65c487f892ac5b296c551856b8,0ad5dbe18cb3ecb43f856596c1974591396320e82ece33dbe1b61202f8de981e,DK
beautifulleopard870,madmax,lZcXpHPE,284fa2066e1c3e7b519207d8a2287aa2,1cbe71e44627910df61637ab95d22cf2dbecc077,d6a48db7f85c9f7f3f24cdb829aeefaa57d2765cdffdb98499d3585bb986bc32,TR
greenleopard391,asdfjkl,hTwKriMi,20b516857d32e48554df57e8eda235ad,08c26df03adeaf78b5f9cb4350ba35ff27c3620f,b7e8fea2d2b8650dd83046463fab6629426611a01ed26d73528bbeca5240318f,FR
organicelephant625,starwars,vZH5DJ1R,8f29bb56e885def311273703906f74bf,86d5f21cb66a2607dc6b1ca97a76abf5299012dc,45e158505c1e42aaa35c293ae328a9f43adcd7319f7fc9f8117e4848edb5a117,NL
yellowtiger576,lkjh,BMM8WkH0,6ae7295464a8eee157dec407d7196bc7,6872b7456f20389d9a7dc8f49f78c2767e97730a,83349eb64746a356bec8d5ba814f7f6c21c345d1d9555dfffa509c226e5f3342,NZ
goldenpeacock206,taurus,5QuF9Wek,424bbb65e8448ed6db627e22b291ee3f,017b2885cab5ca87eca7338a99564515e8a79764,ccbf5c18fc317172c06dd66afafb74e48a34abc00820523bc2989b7f3e5429fa,TR
sadduck448,seminole,HBaJxncr,648a1d4a5408cd4c015de6ee63bba3f7,66df79c6693e87c04b5cd4d8cf0e86fc8d09e043,4af003e89cd5e31b4b3c2384c3c5f73bc1ded2a0e0929db35e9c89ea4435b35f,NO
crazylion161,rsalinas,GoY389Ml,d7c6b667b07ea87b4556d24112c4a412,c565cc1f0c0a0e9ad02bbce8b778f11bd98a8d19,1c716a3e83137d166d7680c12e60dbcf331dda51418f84099f829244f5fce6c9,DK
smallduck805,bbbb,j4iCQC7n,f0f777c686a63f21b648682b88b32841,54cf4253b5699ea83c2d28ede416dc215bb9d2f2,e0c198cbc07c3a3e0c85ce428237e9d160680b882bba2f01e0c7c647ab429b81,FI
smallsnake741,stream,QCztEf8o,9aa8894d4f9bbbc3224b42060eaf01c6,7f802fe7efe7daf5d65193a7b15455b4549f04d9,5ac78e2ca6bb140fe1baae48cd13a13fe960278fc954115f8f897259e562eb53,AU
blueswan290,storage,xxerdJsd,87317d7a00ddf324af4871d0609f116f,4eea0842f5c60f6f57ef736d7112f375aab007cf,27dfe959af6b87c45d3a0eaae8cea46dec5d94418e035b2f34c1a1d40f5ccfd9,IE
smallduck226,budlight,NA6siPj7,e693c0f2b170d65a179dd3775a6aaa13,7f9c9630026c0e711bbf6f92986814e586230845,4c7ca48f35196e586082c69ec6fea1ce520305dd5de662a8b7a7970ba5b5c599,NL
brownfrog213,donna,NZHzgzSd,c17cc5622eea75a91af86bfb2150ca5b,5adeeb154f638c69d02d85c682959c3afbea6324,6723ba53eab3a5461a32ec9004934f2745ddba8266ae7c2c3a502fb0aa188c1c,NZ
crazyswan750,fdm7ed,jUoXRYUG,6168cd969c656c8a80eeebbed9c1d68a,c6ccb09204e509c733bbc4ed3b6aa35db585a80c,c6d0855d7169e1262d360489d45e61172b95316cbd387ec4197f6c1feb636488,NO
smallsnake603,hardrock,F6qxm9sc,d5ef2a97660564540f44c105dbd3fbc9,9628c02f7f40c00b2fc0d30d10b1a24ecd4d9011,f07dd883fddc95f7e8fabdc9ee9ae1d17c22bf48089ac3085614bc2598bdc33f,IR
purpleduck527,xxxxxxxx,VvVJf9Dq,27f29e47e2124b7a147e3c62008bd0ad,f06b379cf420b01d2aa3406c702a6f8457490fca,b3b50b5e55bbd61f749f43d07a1cbd5a7b3a21fb12a9f900bd2a4e4dc998d87a,NZ
sadfrog795,future,imMUrmFT,cbb724a5efeab7e87e1183eb60591a81,ba90032ef04389025df5ac700fe9e7c12519ca10,6355a2ed5c10c35356de4017d09694a06f30e07a5569f93ddbf881e3581446b9,AU
lazyostrich715,tintin,fRPTqknB,28d54f1a219b769497cfdd4f630f1b52,a88479e11ca62786eb06b22497feb46c4d5cafc3,108e22b083c96118bbe8863900b275d0b687db758f6703cb2acc482e6f6d2784,NZ
bluelion912,sites,ouDpL7PC,fd3f99d695280e40a51638543ee922eb,480c9ab93fa866e05394606976a6a863cb89d674,01e2b9b763ca46543c80c5e57545c137161258a6559e1a8909f88356092325a9,BR
purplewolf568,hentai,VbNp7Es8,930736f18f42f9407b750cdf6494adb4,fb854f692536796e805642efe1d0dc7fb033b656,e5bab41b819f8b4efc2447ea3972ce7194006101f1a562592cc5612111d96826,GB
beautifulgorilla203,jesus,yDgyRqeZ,b89752191a41709ddbbc3c3ab6c8a618,1c81e5a000036d90434afa02df322c8be2e8cfaf,bf38f3571dd2fde25c77a75a2993b9f2c5b2521f5ce5b373bd6ca56d2233b9d1,IE
yellowfish491,wallace,Y9r6gaNx,cf40184f1cd65e3bb6cb5ae901720acf,64376048644375a117830ef76a7ee9942c38eea3,6d8a8f0dc4c26d1fc1868eac7a9677cac79d0a713e34e7796cda3930ccbdc918,FI
yellowswan637,1976,BVratg7O,24f9353b7f468ad7fc9049cf21d18fb8,26a05da821f49d45c050d8e6dc16cf2d41e3023f,6352fec8a4aed159f2209132f4583ecaa7231e3dad332e3eeac752ec1ba88550,IE
purpleladybug914,trader,vMIUJmyQ,ddaf17bc7e0ab4bacd35370c209400da,b8d81310d4502fa26dda96b599a9d1b57b3af1e6,f9992e68531ce7f11b61dd24d21500608138741cd74f9c64996e4148c8fb632a,CH
redbutterfly781,altoids,t7eYnUph,8c77a0c3058e41d1c549f9cea9e5df08,3cbde442c2a0866c14653489835c679fb64e52f0,04f6299192cc1b8cf18a88433cc3a7c9934086be2159f36a407c53e6d622fa5f,FR
brownswan870,pornking,tyL6jxdd,e488a812efd85f753586f0eac72a6307,d4e0a214722e5e500ddeba008137bf69facf77d2,ff42d3c1bb40d19fdd0e6eb023ec4b65d650e0cc29ae15a32ec375ad512c21bb,IE
beautifultiger856,redfox,a6UVbq03,165b18996008045950ea197c5d7a497c,a9d1a5dc77d6995baaddd735106ed5b6d0f62133,5d3ee31918717c770c0f9b332d7ce731f0aa642f5bf052a1e7c5ee5a4b0c0813,FI
yellowmeercat303,rolling,VTewNLch,5044c74f3700ca030c2560db55961187,2a85e88eaff6c1a19471159d2e4c18e12d2c2168,0a2dbfd589830cba4f4f19fc042e6ebf191df44cebaff1bc051c052312886330,FI
blackwolf223,nuts,jL6TgUyl,f2a42c2b5eb9ceab0549def3e7cdac59,2b4d97f8e3d991b08a2c9aeddf30258819f3a7ab,22d017d09bb677c7f2da2bdd93726461809dbd732970fab832900e18c07368b7,NL
yellowcat153,express,ILN2HkHN,1b5e58e0baf6bf51d93e44ddc9395d7c,faa390fc729c51bf4be6d50375715c96461cb7e8,18c688010109bf46af1434babf29f57fa1259a851f2248f7aa0a9af35f210c91,GB
happytiger602,doris,FDaloJ6s,6d8d04dec402465aa45ca0606a5acbfa,42d903668da71d1d6fb34370318ab11b9bbd26e2,98e475d56b81699ffee8b7137c701d1c54be7f94bd936c17b50dbcf4293a0d9c,NO
greenlion720,riversid,7rMmHGRH,505610489c0f45c2fc8459cbb031d9fa,78b741b01d66655aa6dafec4a6fbc83e2c186a90,00dec5903aabbc5b43f10fd6d1730de7cacb4b1ffc763f8011d8c2849f99e581,ES
lazykoala832,robin1,qEmsIGwW,b3d353651a0428b7bb1eab54977b42f6,6bf6b10f625b68f4d59d251fe2a77840f39cd93e,7aee793c37d71ae19c6397ea59c13b9be4ff6f9a028ba804d34977bd562febc4,FR
organicgoose185,berkeley,efZfXUwr,677ead5d4233b743cc9fb9e09030c20c,b4b720bfe231836565d35584dab1851851fadaf8,c9b3080688165d137d45c35b102eaebf97c6f305fc0dc7bae5be31e9d175fecc,DK
redzebra689,michel,UKLTfmH5,e306b617a4fc5104253f476b3cde693b,aa06058ac651e8eedf10cb6fad78b8f03064f3c2,6742df3dd413eedb2b794aec3145c993ffd165eda4b612811c2c92f3ba249d02,US
ticklishsnake831,yankees1,6dDXUPJo,734855f40519b3ba1728ac04d371fd1b,0c6c815456fbf6c3b778829184c0309670d61a93,8d2353513ef9a0abacfb2f940eb9641f686c7ba35ec164aa282ffeec93271854,FI
happyladybug241,spanish,Nr3MFABs,3e91766fd554f3cf270a3b57599bcc75,7e6b43b377b38a07c7a62b9d2309b7ccaff364f4,b81720c2d9e374f71dd573103b72f1164970419fa3a548e131909524d0dbaf20,FR
whitefish944,rockwell,nYNSiWIh,ba9654e31ef8216d298ab83c7fbc4a68,151a3724f94986164ee254bae5323cc3b7f95736,91ce1a295bcbcd255bcbe3ce85a2ee3ba496ce6cba0d4d1a78f025a0f5f7504b,IR
sadbear141,getsdown,SiSJtDjh,01bc40b4e0f4bd274592050af09f0289,b1b622ec591bbbf79f68f7db5a8583920cc25ca4,d7d37e7feb6308762e67fc816d1ed7063ce8ba636ff7a42f1b6dc56d6f8f902c,CA
redpanda967,loving,GB9u88Lr,5125d087b2120faff3c59f0a533b5772,c5b9b442e44661376564b822e2ef90086ad69558,053d8640d0e7ddfd047894c0d22e71253239150e548b2c8ecb778244814f868b,CA
lazygorilla715,0.0.000,aJ19XoF9,3b8391a2827dd18a22acb6f73552ab9c,3dd31a20a542f48a0524d95971b3d978a17bed34,43f1b184562734d2fcf3d4a37694adb23e8c94e62e76f7b7dde95c886470a385,BR
purplezebra709,jellybea,gupYTSmF,1f7bc7b9a4bb62319ccaafc68c397093,51339a5162f4088cec2bf2181a3edf7c59e14c36,0c7d726b21b072a023de69fc6b187dd1c2027bea78f5c0699821e7ffa73f18c5,DE
smalldog793,nick,t0zxhIec,94ced749da74da3785d9a3d2039324f5,37153b47c6ea1ec3876e5d6f544b789ae163ea94,8771a4a7d3fc65ffad33c403dd39ad816c7dba607da64286171553425b5d73c1,GB
silverbutterfly657,kool,4YGYD3op,2f2c6770189163052d9af9e24de50f03,c723d6e7c5f152772a2aa47dcdc119951db4186c,aaede381e66fcfbf288f3975566e8c830a2e07bc9be88d3938a7af846f1f4a58,DK
bluegoose800,dancing,lXzswac8,eeb9830e3801b2a65bf5d4c310d9a662,1bb0cc7cdc019071b1326e496e81d622fc2f935f,4c0fa7ee16ad7dad7657f94541cfdf818d8ae01bf7ccd10ce3c38df5562b7f44,GB
happybutterfly929,sadie1,nasFbTvP,f6e33135e24f6c231aaca7ed6d0944ed,1438ece2ce3f883e57aad0d78f2da7b33c5c4d41,8e9b026bc8a550d9e1646cfbe50fb0aa917ef15e476174a13c1da2259bcfebc8,CH
purpleduck256,shawn,8zIG09g4,868e31cb894e04e7267429fbda8e551e,07cdbaba5c044f0e888ae02f9906a06ec2eb5d82,25aa289a134b645849bd2817f72776513e62d70558f37bc4a9212c6fe153cf0e,NL
smallbutterfly788,nicole,JyoM9QI4,a3e0246e3ddbba4790b21dd1d87a3f2f,2f252edc2baa8cd370236aa79d915e89bcd6eb12,c988dcd529a434b05e5efeb10dbafbfe613f416cb24e47fa29d7aad3eb46d03b,NO
smallcat295,charles,2b161ctB,cf4c09046df978034392e6b245f67402,ede3560231e3f859e07027116c520d4b2cdf3c29,40c78f0c6a985ef77d1cbf1ac993c4301603320dd5a978b1199d660f6764852d,US
redbutterfly277,fudge,vwk637sl,939981c6894459fc572383b23abf59e7,affc85a83713285b75842ad0a5072a599b98aa4c,f3a65a94787b1dd1507b470889880481eaa89f7c27b272e93fb5585af2e8988f,AU
heavypanda102,indain,5ubM7AGI,e4335d9ea97db4c2c538d165e85702cd,57863405fecb51e01d6813143b4770394b352d05,98dc584bb2d132ba3baa9d7194235e240b8ef79b75981b0111163e4d68bc36db,US
brownduck797,columbus,htPYdnHN,011430f43de5e6b0459c42c402c4fa93,5c060ce255bded9ab9c445caf7f51ef418b4a4ed,5f4d47ba778b65816fc9047dac22f7b2c6ff6eb697dcb3d26c478d2f74810e53,DK
blacklion125,elway,dUh83KUs,ccc9f75cc0a391f52148586f2a0c5f7a,931f5afe60b3332501e179792948fcfdd460550e,a9e9783e5f9a87ae7051505160781ef9b09d2b39f3d6562d2590caff4ed13f3f,BR
silvergoose813,chess,O0lnAIu6,899b1a68bb6cd49f97cdad2f98af95fa,2d0bb2193725c298abc57d91a085a39f5ce2550a,6e42e34e9f666ed2e79653883dd50eadd53a98c4723d511847ba303da516486a,CA
brownfish531,temppass,42Zt4doP,d48028a8e15341f61bdd696400245974,724e2703db9bb4eeead85a5afa7e2b227a331410,292ef459b301d712e2778ece685ece14c03c8c6a98d54abd4250accc436595f3,NO
crazybear466,assassin,Gb8XiVYB,6888f1b0b946d3e5c3f1799826dbe9b3,717bc62f873650bd4bc518f0b5ab5e570f5295a1,efd0b3dd176ac9f0bb46adece8fc8920aba10f36fff0826ee7f5d1c1ffb969cb,NO
angryrabbit500,adults,jp1bGX8n,f1bc091a37b481bf439310c60a95ecf4,70f4f567d1b2c094cb09f0e728b414d5fbc84cfd,39513f2bc5bad36ed3af5021163462fdeabb005315fee6c767f841706330cfbf,DE
redfish666,angie,6UikjwpT,55b3fae0c2462be40ee791130acedd25,7e0a21a16a174aa713973284612b7351ab8bcafd,4ff24d4074d5eafa0008ff83a5d330e1565e67f06116dc85bb1cfd7dd2543bb7,AU
blackpanda420,rootbeer,M5rOylfZ,4fdba658ed93a226142011b213bc11ff,6ae8b4357ca27beb0384fab48fbb9404889a8f25,b3d59e3c172e94e3300c7580464b9e3b5e27d06bcc471d9df4f6c65bd1f81f76,AU
happypeacock352,sporting,r60N2Z5J,700ca8d3be1ed5ac5043a67d064bd5fc,4eee3e71b6762462ecb6da70376aaf16cac93fc4,8c9a34e5abdc903795a811e3da5b10ed1004f850b1a78b177ddcc7c98a96fcf1,CH
sadelephant461,scarlett,VKN2vFjP,04aaf80b644be58260af04eb816b8d07,d4e2d6d068ec2961ebbe4211a69564ce35523d51,769e452f11dcf9ba9241debf55d1b8a4cf36b1a8f059e1f8c9e78a02e1b459da,NL
orangekoala262,greatone,1nRHYnBI,a34279de271e8b03df9562a6b5c9e3e0,53e9938f3f130aca7d5eaae1928976c230117434,39707efc1c355458d827dd46d9fc0c93828bbda5da58605105858fcbf446dae8,GB
smallfish273,welcome1,1y72rQ71,37ff352834dde6ecf99e331393bf9058,958a191d9e0f6bdc98a137094997f7c06ca97fbe,722c8248ed5ed8c2d5f74e1daf9aef1e5461727b8538a4f6bb286671083386ef,ES
redgorilla397,meat,Asnkby3z,66be0fffff98dcc7c58dc9350b963b6c,7bccebfd3f79f2641e9aa1619d04e5fa35f57d6b,74b33ce72c4d15bb081eb73a54c4ebaf40abf54db6f05975fe5ccec3aa03839d,FR
silverladybug401,pinky,l8TxwX5i,f94c83c7979a33176e1f7227b81b947e,fe49d4d94e45d321542532969dcad9ff7b081883,945273fab119c5a4a5aa474d9f09dbb3150b96a6dccd38133ff4f9f4e15d194e,FI
organicleopard352,20012001,8hXxgCJh,8e48390c8242e561887f5fb038cff3c5,26440726160aee2dda6da0d7362108d6616c37bb,16fc39af1a3efc4451ff62961efa115900d8db3e23829ef3b343cc6853beea2b,NL
silverwolf459,kitty1,7TrXNSC5,fb87307f776bb85470c84966d3a800e1,2dd967162942aa50bc21efc7d2b9f45ad25493be,5747171da51be4758c8277d58159148404e68a11e5dc0951193d1b890ee92bc0,US
yellowrabbit395,checker,QW46SWrq,e8b7e3ecd1413c29a05f1af2425f2d86,ed95e9a7029aa19f6a21f15185c0011c42ae1cb8,f680d943ebf1007cc96bac32ea6bdf1d7456bccedddbeaa94d6811a8b109c90a,NL
lazymouse266,eeeeeee,16bHgoFK,5741fe30ea10e678764bed1a3c6deae7,42a81ef6a54dcd55e40bc223a2764c97533e4465,2427a94abf88e33bbf4e62ba15256c683616e11820813487aff4be5295fa30fe,US
whitegoose784,jennaj,vde8M9Si,1c33a91f217ff935cafc8c9a68291d4f,dac78cb3211d1566a5b45524cbf440c08ec8d42c,e06102de01c78d4d2d173c1dfecc8997137c828b4a6a24ed76a610190f59d5d4,NL
ticklishladybug221,iiii,Xqfo0iID,303110def4f4d2a3820af3ca2ae84c34,60f44e49b78f2be9a3cf768b4a24b78d441e4764,bd1dcab63e6a4b53eb1c8fcd61f300bf6f6d9be6854705fe47d463d1afdfa9bc,IR
ticklishfrog249,rayray,PBYAq65l,4d9de1209ec49ccdf71e5491c0b81a16,c946d86148b36fb1d3d51402af024a308670294c,ed82f7cd21f70bf90496726f2cad51c4853c569c246a41dcc21fa34a0dee32be,DK
redswan473,tekken,p9LtHuvP,9e815a0551faeb795290fac543c7a750,3820d433a305a4c18735fd0bbcb4be90208f091c,85fb35be4da07ac2d6f07b4433e94c380c26611a03ac63a93e480d0810dbdd70,IR
blackladybug341,lloyd,7mriv5ii,1376c10c4d6a36e0c54716c1620250d6,2b29556fb0fe9e35a7a19256d938180d2cd16f10,a3bdd114eaf50b8b5f97c93a9d29ed88753b1d38864e68f82d50423282c591e5,NO
organicfish534,lesbians,ItxDifVU,07a252c4e5cd8b7e7764431f5d5e10f7,8e9ad02dcaec715ebd13d88b572e8ba3df130d3b,64bac171065a212df48229fb7d1a8d5b85169deaab9b75357d75dcf522a073d9,NL
heavyrabbit908,reeves,OwruPLTZ,e93545931d6e482466f53bc3ca847a20,eb3fe5e118047972e92cb7a929127ae78d0e27f3,beea7a8622f846b5b66ba0ce8414df3be2dafe4364084e40e6e3356e1fd4501e,NZ
goldenostrich459,pulled,yDdApycp,5d224c60bb5c41e95f4ccabda3d1f96d,de0707f48c71f08915bfaa61999870265cfab700,029b5b6bb62978c0fd2a57854a57885f962800653a6e4cda1dfb2157269b45e8,NL
blackkoala514,741852,eJnax4mf,37d94806cabd45081dbc7c1d80a38b92,f4391e4478d01289807481d2b8293d5c2e1df853,7e877ef6d335c047401a0a3b704d933a547f560692b74b6724270eafa686646c,ES
orangeladybug738,picher,TFaTxeIu,d2b91829996f36f4c1c52f4ce50d71e7,c7d76b2d9192d5034e6ea5b431f02f96e40d22c0,e811517668aea72e2f4e1e55ccabd4d9732ded647f5cbd8a08070aa10a885319,DK
brownrabbit472,smart1,pYpuGm2Y,cf335ab82ebc4b23e90242cda16efd56,adfeae6951d0e6319e521fa509102470f1044e09,b19ab5c91ce077ee95587b02e5422605dd21d49334194f9ab645da251461146e,BR
redelephant567,burning,I26oVsiC,913c1cd8502372530d834f00f766e807,d299aec419fbad00d824b40d1505cbb93c302ea0,0c9a217364526ac51ecec1c2991e1693e16b2e568bdd074c38b7486d077c1b69,NO
browngoose527,password9,dT38QkCw,5e55bfe82dccf8ff0baed50d3e504d91,4de5e33b8aa7c568be74c457e683d49cfab8c8f9,c71491ba1e00bc8971448a8337a36f9f281a6dbb6bf8b2b06b729dcb5def9c6d,IR
organicbutterfly466,sheeba,NJN773w0,f566e73edd9a79a77e50461c79ee5b7b,376ee4c6c38df1b9f26dccb0bf656d698cdd6b67,1968f204527e594daa5a9481f904fe8d271286da623d3315a730c859bb1be548,TR
happyswan390,people,8yJ1h6kH,af3c0f449018139e72d6f5f7303509cc,8040e044bf4f78bd12db285004c51cbf503fc0a8,22e516657d301bd81cc44e0323ae77793c53a1ab030088107a9cdcee36d9b42d,FR
purplesnake575,govols,rsOLwLs0,03e83430323281e440c588ccae20531a,9f4ff4a98a06cd7da3d4db700945cc01eaa130ef,5e6c46583aed430fd153b2640cbb353b347719442395ce625427934b6c233a1b,DK
whitekoala448,archer,N7EfSR1k,7b7239abdb98ec5dfc3de0a4be0ccda2,084558c38a3aac370b81ce703de03e1fa47619ff,e637e20c1ea31e512a2d31b47cfc8a3275009b7b2b90c600a258dac0840f050d,US
silvergoose263,loki,sbZMkNJ2,96efb11bdd7eebe87786851188c1bc12,c13032a3463ba4ef74a96f4b6bc6960691ae43b8,538a40e4af27b97feb31b4f0a90b683e953771eff4776c439a3264b14f815a71,FI
beautifulmeercat565,tiberius,k4xHp0zY,ad3861661c9beccdaa08c6e28f18b3de,9409da7542944fa0d898d31f90049d437928e7b8,01dfba70dd38b1f96d27d048614845cc2302609e08b5502b8e1cb8cbcbfe3875,DK
sadfish864,hendrix,dRUdHMJ1,782c023a89dbabc2cbc34519872b069a,0913833ca8537c552d892f483fc3a55823140ee1,3c7a0367ad989a97c4cea1387f1b74e629c7543234172d0d3b6e4b002b7ffcf1,US
orangeleopard677,454545,skMltWq3,07d1361bb4218c1b749b1401d56fa8e7,0e34eeeef31d593fd986eaad8b152a2e09c83006,371e8d3d9afba847a3220bacc7fa17a375cd93d8f1b7eca3607279d6ccb7a14a,NZ
silverbird440,desiree,Z8u9kUOM,66505ca2b604954b5e95b2f52d1f707e,16e6a150cb9710997f486472284348d8a443671a,77f2e4357737cd3fa12073c12433dd7e11113862f447a2ee25eb545b9a1982e6,IE
tinyelephant810,hitler,xFJ7fcRy,3010d754f99096c26b6c4653f6eec965,ac6faaded705c29a44867dfa8060b50badd29ec8,b0e1dca2fe8c18bd5869273c472aaa4da0683c4d4848d0c14a6abe41d46e4bdd,US
redswan110,parrot,Gjql0E87,e445e0cbe5f2a98182bb6fdbf186d458,2eed9130ac8f89a4e8268e7e4aa1cc4e00e0c50f,f49a442d5235c9903ebbf1b464307d399946957ae5ba9d860a37aba5faf93e46,AU
organicpeacock358,train,TwtCGQ0q,9169cb9495fbc3961fd30e7053b44aad,03b7cb30a50fe774d7a43ce5696076a58e868b97,4251986fd22448344e0a3d317f4f74090d7029f7072e2ccf2ca3f9a60b4f3e7b,IE
yellowgoose255,girlies,E8ja2idw,b8b415371971cf20fdff236a1141ab97,84d60ea103ee0948d8b50945bc1e6f885f526183,3c8377edef9c7d8197e7b81e39367cda7bbe04583e88d785ca0395f43a4d579e,BR
smallzebra690,shan,TyYxAu1r,5106820b3e5cc116632ce5032c41245c,aa7676687232d17bb821ce607a851f11ff83b146,5cf0913cc773289fd7fef345b52a7192227411b08cba0c3dad57598cd0dea637,US
orangedog920,stuff,hmZk0mR6,e319c2d7dd4ee0d9daa00996f84eb8e3,3b34ddf7d869b2fc73acccfc6747b36f8d9cd7a8,bd61513c5fd052cecdd021e96a8d4be825ff96c7a4633179143c8106478d77be,US
silverdog358,checkers,QF2FA93T,21ba1584cb3bcf060cadc51a7bbeef2c,54efb90e28402ab7dbdf9f621321f9f5686ad313,646d22376baf96f58201e4d1a23a8663d13153f6ea144dc881216be37d3ba3be,AU
greenbird953,antelope,7ZmTsCaw,f7c8818ba8edc5a97f10db252521e92d,54dc772208a5cd51334645ad3b02f556ddb28ba6,d451a4dc10e117b6ecbb5f8520ed52e85b7d08006113496567f2a38f5d243c41,NZ
greenlion154,williams,wCZFGweA,493f6579211dbb4b3e0833170fe81268,e4e8f5794154622481b7aac2200fc835df7d84f0,29b772e06a4c9a0db381b4361b72782c8c4477ff60c84f9973f3561e51f86e23,NZ
redwolf744,boulder,nucQncI9,5de62c2ce2f6bc21db69a52de4cd9691,77cbde129ac038c6912be2003685840422a81dc4,be6b3fbccb3aa884d62824629d670344d352f9e95af6d30b5a46d3b5aa334041,IE
silvermeercat673,mischief,dkk0itZK,ac4f21cc7122fdde9779b2fd22d74721,db95d129911b5d5e58becd7c82c5f80744cdef6d,ffaa3a327aa79c016b7a43de7e2140fce29d8104bdb8103d1ccd2770c77a505d,DE
beautifulfrog824,mighty,jcsXR0ZP,8355c5605897d5ed367a1bcf31c038de,c48d0bb10b727bfc4c7f51a92e6a8322bdf2f423,a7d0a76df645ba2a1f1739e7d9effc3db10ac6d63ce66cdb0c57122d743fb252,IE
happymeercat490,idunno,yRSkLAOd,307bf3b0984f58cae300057c2156605e,7f901dad3b44a483018184b874faefa56df9a391,1e935beaac500e687c0b325ef8f736806b7efa863427022f4739c0a8b686e020,NO
brownbird822,sherman,K5er2gzq,e1310fb4c001b77b33d890413ba174e8,12cbc7a1e1c6d23534b34b35ada604360094bc26,7d8775502b0cbf0d17b623cbf26ea300809f86ff85b5b2866d831880db6e7fe6,DK
bigfish318,deeznutz,xpkbC6xU,9ce4e5ac401e8f9b272fe1ddde500998,b03a84620e6d1af0572c3c1b0f87b2ecba4e07d6,6d2205d85910c743f659f0861ffdfc5f4aade51f78fdf30e008c0c9d5f90ea10,BR
happytiger319,solution,MWNf6Tau,30987faa80e411136f9f7f1eed72f6b1,8da825ec6ccd19e6829ad740406a7fce9cc0be33,dbdb8005357aa66c474835a91e3ef515a6a858c395c286dce4046ae1fb2c37e7,NL
heavyzebra337,dieter,Nad5HMjn,cd993c8f9242117d261344642403947f,c51f2bc7dca236a5a0f84c9d433612434ede4570,b637342bd8451d236cb3f913d47bd2f557c525dee8f5b6740119b21c20c19a90,ES
sadostrich303,visa,Yw5wroYe,27e0de51a66ce7eefa569934e638dcdc,f435244b648450df0a4b81a1a72556003ef6485b,9ad2a5a2ea96938f5b7e3b5c6187c6159aa3cb931ac6d4510585787f2eb18c7f,DE
heavypeacock981,jenjen,Ja9yd7FA,49940707328614f7bae27b22ed93274a,528f49a681adb6da077120f096622cc26ae0ab9e,4ce61d66c81b35fccccb343fe94b8667351cc63d9df094b7b7c928073829215d,ES
silverfish696,seagull,l0XBlBjw,4b7f072b0921cb421caef19eb678db6e,feb6a17e9124cf701a19d2ea4700d03743913bdf,1e9894156fbe13101ba061d07c241e18b2a03accac93233c643a7fee42f14ede,CH
happymeercat132,audio,pRCakN6X,4f85aa6e320367f0cdefed0b47a42ac4,4deff03baf0bd8a315923bbaa78ba174b3c74880,5079d7ecd2efbfca0cb5f9799062d0f2168cca9eba574a648a3603ab57b4dfbe,BR
angrymouse953,wishbone,zabLU8c0,d1c3e4689840b1d20a5ddffb7fc7e3ee,da32bdd7824702b0262e34194f98d83bce18f001,8cdf0fa63f8b71b36e52df3a5d17c3d7a0ba393f73bd89d6cb7030de91a7087a,TR
bluebutterfly711,nate,YR4Sz2Fz,ded2f942820073c55a0c5533e77f87f2,313bef783c68b46313b56fc3a6401a0e03d5534f,3656dc65777a2cd0d853f312ee218d650e702eb99b775338bd18847f9b205548,NL
greenbear694,whiteout,cUVme0y9,becfdfbf3bdbd7dcbd7e388971bfd962,670cea739a4a9ef59de778270a8d6638a47ed5be,d8a607f694127f5da6aca8790065c9e41f24828b73110e85aab07693a3cb4417,GB
yellowleopard363,passwor1,p8uWQ6Ef,e5dd28a5e45c8799483be472783f47bf,73610dc317bcc3676681710b8a656ce403c80a14,14a64ff6ae5979d33a675d4faedcafccbcba6382c682526a3d6a30602450f2be,TR
silverpeacock375,care1839,dyREyQnS,342a59939287e6548070590ab020eab9,0801042e15cc98026fa32b311d4a5f2f79b2c3b0,98f89d6d11e5c0c16427158c940b511cf1d44d21a7267f397058c2b4910b0a17,TR
bigdog462,teddy,VPqoVt8Y,cbd21ec0758c0ac997838bb93186809b,df0f816ae0a9b8ad99e6bf96f18631fadf0dc0cf,5f611018d7ee57329e4b624c734e824543d6c36a2b4595a99983039a63a4bf49,FR
happyrabbit987,wildbill,D81qFXKX,8c5d2c73d0227135c2073c2beac3676f,abf51b363da85344442bb51444a5a62780be0b03,e380bf3c4f8f3ea22378c38fe9710cc2d70cf31a1434e8d6668e35378e664c5f,NL
bigbird465,wood,ublmNScZ,362a56ef6eb6dfbd0117671fecbf82a0,f0088312f49451951c30e9f162f83a12e0eccda2,9a6cc2af7106bad52fa9bb1aa818a030e1ec9f1bc049d9e27995af85fef6a191,TR
greenleopard574,coolio,ZTX9nmj1,88f3d791d0201a9829c1c3592f67f4c6,249a424053cb867de5d09bc27b82bc6eb6289a79,2deea58d44363f9c6a5fc0c2b9bc21ef704f65c8c1095fbef21c33797b4067e9,CA
bigleopard761,islander,x0v1NTVq,fa5503cb5b532d1cb352189969fc8f2c,5b4d796431ce1f820b11299dc794cf5e6df0fd70,b0514a1509a06eb50a8963183cd9c590df239a6f83ea5617006941214b07c046,IE
redzebra552,playoffs,LREs6FvF,d3e1073777ee0f0d1c21240d15d77a74,e7b8c4cb910c41947d765728ddbf39937ca03b85,d964f409c2bc7a871cf8843ab4422e4dd6fada998a3b0ddc6dee8a3965a1a8eb,NO
yellowswan217,nirvana,2wfLSAow,1f750ce81a78ebc5e220162793e89ff5,4ed541962160bbfe62c7a2bffdbc2e3199e6a7f2,50266766a6c4ed23cc51ba2a26e3f9a206f7eadfbe99001018324bcc735c2f48,US
happyostrich283,cheerleaers,RERbPj2i,6a69526ae2ad4caaf15f08fddaf2df51,bb84bc86a1aeee350ba4b9d919ced6bad02dc57c,e83e940e3195e4083710f105b69e01e48f2ba1fe511781b06666d6c22ed2249f,BR
greenleopard249,eagle1,56CrZRfW,3489eb2a6a168f03cda953d94eb4669a,4e25d155fea3102310af5b21cbdb5c78c92bc6f5,3e5bbefe2496d8207190ab25c414a6814b31dd57bd1f94180aba1cb3a169f965,NO
browncat566,hurrican,HPekLvmI,558f84434624ca7217a18797f60e0a10,6f1c47255ad1202c946c44f9507f5957600db239,b9b9822a57817bc89896eb00e1c93af3ce914332c2408d94c9e79b0c3e98b5fe,DK
purplebird930,kungfu,K3jLEPhH,ea28e21b352774bddd974b67f3e264a3,d17359149466a0b7b90ff1279d9bac7808174c41,90459450d7eff86780d368de4a57cb8c730c83adde730af276dd3090532d5943,FR
redtiger393,indon,g7Js5G6f,9bd93856b80025d9738a6984dc56fea8,2e7dce1a60fe7ee04ecf0d5a45b6de6007821b21,3d9c87b77b77077880c3f0c82bb086add85eb1af57016547748f209383c51455,GB
redwolf112,punkin,WyvwMElb,9c7134973d98e351ddccdddac026e35d,f6320814bea9632d09ea71d0deeab94c5cd659fb,69335b95f5af6dd57ba0faac288617b2767a3adf33e28c58434461af0ea501fa,IE
happypeacock680,wearing,eeuSAQu3,fea36c4641f99bc3fcc008f62e2976ab,0d81989d496ba3a0a482730bc7dddee129d00072,f527eb068f6a4570d73589f0ddae7876eb474f621b79b7b6101cd27ca8a112c3,AU
crazygoose899,twist,qrD3vsJ8,7b95a0dc860b831c40a507bd209bb706,13ec441ebb5b2c6eaf290242600e8c242871a10f,1bfd246c7d0a88976ca6e8b454644e65a9616a6414661f17bce409b3d32e3b14,US
bluecat669,justdoit,K3qoRd8T,09d330789e38584a957f40d9a5631a46,0ad3ef985895297384441735393b18144fb04d7f,d04d235241da0df09369c4d05a5f65c6a5922317258898deda59c6b98ce87a0f,AU
bluefrog907,calvin,L0RyzMld,8861267ffc05399ad89a65be1e9c8466,252f4d3755256b2e68e62de21a53d66da287a1ee,def0b0ea7eb8b50df90364886f304aaf7880fe7c2c0a7e321b0737b81034a5bb,ES
purpleostrich553,john316,hNozhpBo,1e984a70e142ce24d0efba0854f5d43e,61ea41d1610d9105862f65c383c53c0b6c3bc85c,ffa0a11843cd58f6e33a8a04b1b7d486bf057d099beb3670fbe1f2d87e9fda89,CA
goldenfish757,manning,v9ZQ1ucr,f73e41a9ee9417177307ee5a90cfa167,73dd5deb2b11138236f40abc9c77dbbfe28bee58,1ae7537f4b20425bc42339bcd4d520e6bee6249987a1ac5b41c395792e33f329,BR
whiteladybug938,alexande,xg1cK8xW,a4342f49f383a43e0deb937ebda06122,0ef4d326267624be1d984cd71bcbb02c806f89d4,e2c9958c4db129c61b33f2d5efdd770342c94df1cc8a25d2f075ce3b3783b1e6,CA
lazybird735,barker,nm3l5SO1,3902d88f45c7feeab95c0566610a95aa,cc1caba0d1b2f2bb2795821803fc2985754720f8,40d66fc1e38caffe371c82052b72a6d96efc7e40c14fa4be0b49aa6edda9b4c5,FR
happylion748,mizuno,jYb7qdIu,a6cbdb03fba5919f4a7163bb2b157b5e,4063f01334259048ac797e00e024ff71207f4dd7,5fd0be9f3795d9995ac8ee07223633b3569d770e9aed792da64149311768432f,CA
whitefrog120,outlaw,EbHHF2mG,7ff921e323a2af226a2a8b887b9a1009,845f5676abc75715fbf92205f20e12402fc92786,2e932aaa6a4b3a787b592a4b64ac0fc3d591b514a40f6e910f8e438e64fc23a6,NO
angryzebra619,bryant,nPKMRVcB,e1b388a99ae867e46c63c2655a8857cf,4b961838a3b7c268c06d07455c37cf4b6a1a8d5f,53e4940da76be5998caa2f702d29271c5b22222da647eb9789365b23c96ad569,NO
goldenzebra948,frisky,b99FCxFz,7f91162b25b30ae6b078f1e4d4e90844,d9c2517409b2eb375c90b7f8273af084349ef82c,f4a7fc4006f7b71a3dde48a598fcb5277173bf776de3faae8aed290883d87950,IE
smallostrich537,freeporn,QV1ygg02,f11392ac3d0e39abe5e703ed32fc6bef,9e41288fd06fd48f7e9d2b49d0680c526d0e2d91,8d9c2b3587f02201119c70e6f71a75e2218ae5aa784b1a43be08db4e920b634f,DE
brownbear930,playboy,d1Gw4QRB,dda97265035d396b34970fc66387b66d,36ac2b75b16c0a4883b800e1c5dc25d7354bcc76,6f85e4c4f047aada3e75a6b284afcfc0e36072ee134ba410feec0d158a46fecf,NO
beautifulbutterfly494,slutty,Bi6Uw9aG,1cc334f5161526cbcb4e4998130b65ac,8e2b265ec12df74c7c41c04deedcd63fcd6838fd,12ef95f8020f91a5f76f7f2a42d8be1d7bf21d70453b1c1ba6469112937d47d1,FI
angrytiger657,landon,KvSSNUjG,812f04af98be81c2eda86f0c0dfb3942,991545c97159413edfb0a105e0bf1c225a36642f,ddc429596777b7b2ce6538e7be9bac85102e4f23213b2c338b669e6692f5fc13,CA
purplelion130,titi,H2bmqAXF,92482bab98525b6de912747c6905bb58,0089a51dc576ee643d4f35a91b2e1e8df9acaaba,55bc99a100c6ada4951d7835497703235c1be056dedfa237a23dd22af0d7faaf,ES
whitegoose370,caligula,HNm3qNKO,758e59a4f6a4118cac42e22f88fd924b,b7a0b064b6851818b542071f3c05d3929a0df1a4,af3506b8569bfd03140c6ea2cc6681de339bd5356ac2222dd1547c401dbaad67,ES
whiteleopard525,eeyore,GZaYUI8r,8118ce8438b11c60f077bef3d19df85a,e2dee1b25d91f76dc54cffb0ca8654ea4f69d945,49ec7321767131802f397420443bcf19781b426345517a4b6ed7ae2c46d6f92c,BR
greenmouse574,stoner,ZhmzgfgM,6cbd308682d7723c878e5dc85212976c,17f9453feffc117135b9d107a6603516f73b69f6,ba86331f89ba1cd64d7ee038b15a58599f386e4c5650ce12f9290bf69c4f5ff2,DE
smallmeercat660,blazer,cVmmSyRX,9bbbd7a47ca7d46a2a0585d9bca535f6,7b8fe08788d6238f94c6c9534d8cf218aa7c423a,6e6f2bfb36a2c777ae1b3624c69e20190eb3f4f47bdd4b1fb83a3b392a9e95ba,NZ
bluepanda509,midnight,U45vl7OO,410b678768ad8b7451b038d1dfb4375a,71a2d1bd3c8d2c0b86aa56fb8089fa7ef0e9f8e8,e23e21c6020d180c7794cda5c8f91f1058db3650d1ed31cdcdf1541c7ac0d77b,IR
silverlion266,sherry,Kj1p20qx,3974fd5c206b792ed43bad0abac2167a,11d3670487cbeb7239f74b4d6b2f3528aa8aaa56,9b13e51e34ddfe7de435582e5568943d499d0e855ffa40d7b2960a53f9c20b03,NZ
angryladybug682,infinity,drwETAXf,a35320092eed7f981f76e0c0db5750ca,79fba0c8134ddc84dd8fa7958c18a89c4a87074e,1c2db31622ede7c46a80a9f65fe69487dc1b6e5ddd816e25f79cd02085023758,CH
bigpeacock833,jeeper,EiJBTNA6,607efbae7ff2a67d8e2a61d6c00e0c62,9c173facf497ab2625911301f5878eb6f29d5456,7197616f1dbe6798dec40b84f77570924b89fe5673ad9ea7a4850e087ef50c70,DK
sadgorilla553,ontario,aTnJG7Mq,23cc209fd2daf592940638c8e628810d,32b2d91027f396eeb7c1e7cbae1a181fe6b1e413,bb4d0656a82bbe6f89f9a52386351f091caaa4092c1bc528f4ee4e1f1af9b9f0,GB
bigostrich158,bluejay,ycnA1tOC,16f51950f9780d678a09c49541109f85,1472a0e4f396f6d1d6aabedfc026c7b96d16c8e1,ef9896ee60c81012adbad749dbf2efd72bf1b8017af83ad6916be788122d1221,ES
silvergoose379,isabel,ggohcxva,f336484f3e2644614165d1942bf7c1ac,ad25364d330832ee129a86576f96c94ec457c640,477cbfaeb32fefb34135ebda5423afe25198fdcb72b4a744496b992182636b10,US
greenzebra190,presto,EVjBrUOA,b017c2dad0b72fdf27dca2c23bb9f115,174bb6a308fe824cbccaf850c101e46de7763624,840b4b0867fa4cdec0ab8216e7779ea44d2334c06cb8cf2d6ee655f9ed91e6ef,NL
brownladybug693,xiao,a1tkrD84,836ab89c5df66b77efb0a85497c3de81,b501ea508384f6151230d21adf465e033ed547a4,f960f65742af59ff78b92a09e41b7ea39713150424577f3a7bab116c8dd259d3,DE
orangeostrich885,sean,8M3KAJ0n,7261502fd5c904fb0d93f5a805b3d6dd,2640c3f51b5d95db620c4fd70d70d478c43ad5f1,4203e15fc1d0115773fb65511002ef4a144f73428166c19f2e04775c4afae7b9,FR
crazyleopard567,italy,NtWrMnnD,e9e79c181b8dfe71bec8a62eb1f2dc92,7abe7d635bb96f6604d82187c266a95bbd43aacc,610d5693e7ae8295e0d34759bbd547d33df32e4f5da9dedf05b0f65bc5fee19f,IE
lazyfrog955,infantry,hKtDXnqX,d86f407bc7215fe69c9d8e0ce36ea476,94d79df071ff0e8a90d30b898f212884489b137c,67b3d0eb11cea55a9d5881525babdf4a824c12d3b536b9d59367026042af10eb,FI
angryfish854,oscar1,tFySS8tF,d592f2acedd067898f19e4ab86e95bd2,93214aeeebcefb49ee251e22db75c0cdedbe20d9,0aa29607e7eb7ee9087d415f14b20213fc2c582f6ab4626174bfb24fb78c4ece,NO
angryladybug320,bailey,LpJhCDwq,6bf894b756bda3af8622f1641e6ceb10,a105f195be70e6a22c126ce0b03ddf88b3079398,653ba9bbde2f1f9d76050e976ff256ddc5e2a9dd0fad1feecc415001d454301f,NO
goldendog844,gotohell,u11ET2D8,7e79e28c1555ceb226c693d94bc9a9b7,d0a3e6240dc56d883fe219e608243d73db452dfd,727781e6f2b760a47a7dcad6f09cf12f2b782d8161f6c2284d29b109b89cbc6d,IR
sadmeercat825,demons,Ee0wWtsZ,aa7b2461865b7a8eaac87195cb74a39e,d405e9473fb4cad5e0c3c6dac0c9a3907dc4a4e5,5fe8a9fdaefe5d89ac4ee389a8b6763aa3ea56ffdbf9dc93991f9d2be546a4eb,GB
bigcat268,bosco,JwlGb063,4e2afe9e7307ee8e52747529d305fafa,916e8efd0cbf7982ce07280cff8df394b51161b1,baa33535fd60fa34e20eb82e474c733df295b72ca89a260d911ae0c9962b6fa4,ES
blueladybug684,camaro,TqwHfVD2,b6edd77279be12ae322141d43097f1c0,9e2db70a6b3af916589fdea7972a8943634c14d9,5135c4828ebe882b2258140e82b1dc87e673fc6145def245bd43d127288ad936,AU
crazycat976,teaser,scllyGXZ,9ac26661e64bda9536a59a9abe969eeb,9d67e7153d0a9149d9b2bc2969add5cee5adc0e6,a21979248dee1e7ac5f40f969c8ae7306aa6e531b5ad048f2746719f7db1ea21,DE
sadtiger537,amateurs,eqKtmq9v,e87325862080d8f7d88a632932e42845,6d5925982419095ff1afaf68fe6b3d077725b95c,c55fd1919a69ffeb48bf027e209594a987786161debb453d510632e2478f9f30,GB
lazyleopard978,zebra,iYDg1RWc,6a88566eb5302d5af95fb1cf06651249,efd499b916d374403922871e2e64c1e5f703a6f3,7da1052fd34f525cff3f3e15672603beb42551f8d455e07343f319e3e2a7f3e3,CH
whitekoala186,bitter,6UvqTo0v,448a03387c085d667db9c46dc955c565,85fa63324f7607921c8ab3a1b35cf98895c84e8e,33697255db6a7f36410b1216e46cd6810324abf6634c1690629fbffbbbacee23,TR
crazyelephant386,electra,tdMliJm6,664ba4cb878dbbc73aa7e3e8e3167b1a,028c933ae6f1ad184ff19ae494f8fa7c381f5f4f,80f513d07a647eec13f197400be508f4e5c0cb9d218b3de3322c2cd1130e6f4d,DE
tinybear200,players,2tHp2hQP,18ae2c42de6dfa0910908a7e63596a9f,10de360a834480930e901333589636e35d66cf46,a642fe92d3bdfe7cea0d203aff9af15829f33f466203e77242e59db8e499f71e,NZ
browndog950,accord,1ZxryvO2,4c214bde97b09fe00218e77165725d10,4241cada130072d8b8886c3ea0fdf724acf39eaa,cd9ee52aa5cbd8fbd6f2066560db6394a3eee6c0a2d6a4b9882309dc1af5c36d,NZ
redfish804,dogface,w9Nm6DAE,15409442b77e88ee0d010848ded0fef2,cb9260ba054259477d45fca6247a67e2778a9614,caa72fe8edd9854fde47dc232e414184ccba81b40280d80377466eea73fd798a,IE
sadpanda370,stormy,p61NkJi7,971fffb147de1f2b59f3da6154f1e540,da9d80c50a01a184ee1b60f369750445e2555fbb,569f4cdd9f844cbff60bd8aedc2a28b7054d1344c03e24b804333695b41c2f8d,CA
sadleopard187,147258,W3qUsriZ,ac4b63aa8934e2724d978bcef8df98d7,c13534a3bd2ee2e9c90b00b2dc07588f89a3d171,db0cb50eb98394286f0c7a70fb81c01123207226e433747c6ff3a1872bcc1bbd,BR
blackmouse571,bluefish,a54cI55i,3b6b84f696f9050193dfda91d2a2aa72,47c5daa38ff7bb2a3df37a0ef5afb0b3b1624e1b,276e9444ac73a9b4cc674b85b2c6317120e7e08248ef58b7d428ba02bd07025f,NZ
beautifulwolf757,toronto,8GTcFPr5,a6eba5eb8359dab64f83bd2adb4de01f,5ecb92d055515e155c56b1e99378fdbf38f3d396,9c2dfcfa0e62b6b55f0593b28c706d6bab05bb35dfbd80f3981a63a9e040cbb9,NO
beautifulleopard647,hello1,7Oh1st9k,640167fbb7aff6b86d5054bf06dd2f72,18b5fee5c9a84291850790c8dd56cecce0eb4a84,636d91cdf7414a535820f83c8253b9defe55edd0c6d864ad99a2b41188aee607,TR
smallfrog134,better,Xzu3JWUA,8750b46d275457be28788909e5396756,cf1f6c0140afe4fb3a30356f2668494b3fc603b5,a7584a5c235f48e154c6142a798c01754218afa4e9951763c3cc7a3049502070,IE
lazykoala241,billbill,fPVUdr0x,90de7d827b548107e483f43ed878e655,8e038081da1de2ea774b6d7a3f0ff2063274c703,a53184277c628a93a0afb3a115483e43e42e508d7a5557e935615d2a37f7bd15,NZ
bigostrich218,hannah,ABl2y7gZ,f37e3c5d884a971931f302e0c32d5896,90a2101e9158d09e9e457bb2757ade2e4555af9c,5045d5d3f2b5d285ecb20fbd0dc14f9b17695ef541f38ac17593d6cb26e9d700,ES
beautifulbear200,jonathon,gmbJ4YEq,affe1a713413a262472ecf96a1856f06,db67b83850f5f6d094e5180441840134e7cec63b,16bb29d4187f30128e0bb504942b582c3444361fa538ee7163c988dc443a0d62,BR
lazypanda196,147147,DoKEKKCf,377026a59b91a69778923f3e984b2a23,d490953e2262fd90b9238f322a0f7379cb4f114e,1dc1166e8e7c3faf2d1c9d88f593dd802843346919d373a209aa680146d265c2,FR
happytiger361,shui,tMsCtBTc,8b6d8eb212ad87db5dba2d47780fed17,4c1693b84f48e89bbcddeea247f5469ff8c6de2f,422e9cc73492adb290cdc9288fa7228ff538c4091779fb517a47613ee772e314,NL
lazymouse986,festival,5SM9ELiZ,b025162cf519ede4c469b6bcc2db4c37,c5635fafe81992f7101586f20697742758dd273e,db0a9fed125408e2390f6edbeb2a8025e0874f81539217b1a1e4e68703ade4cf,TR
beautifulleopard121,*****,7Cd9g7z4,90130b70e5d05b8ca31c3b44c89f703f,31cb5118b2e7b089558e6d82379732c2d8a10f3e,b90ce3e0330fd34ec810778bae8d65646b1c54b7ecd19057cf6d311de616cd22,AU
silvercat376,aaaaaa,yQYlrmtF,18ef2ba201fa10efe8f3dded97edeb4a,9e2497d286ebd9862328487d2c90db47ca51a1db,67dfc22613fb2d70ce408b4ab5c07facacbe23123a67bf4e62d26f675ce015b0,IR
yellowelephant578,bowling,ZQdLWWdx,03482dc7c336d2bf506a64b7836db737,1d206a2282cdba9e7484dc89ee22865b34a7891c,6c88375fa53b435cad6dbb9e9156d78bcb2ad5d8ba871bd6b944a9f36d780ea3,NO
bigbutterfly761,hannah,BhxKgbtH,75aa69216dbadd7c2133a25c4417538f,45f1323304499982c5c79dd1058a85655bec4a2a,c1aa9a6eb85f0944a34c94f7ca9f2444700e530df4492f9ce4aea0236566987f,CH
lazydog893,waldo1,UwYNkIUl,672e760b3176d6f8812004e4a28633b8,46e7c37ac807553ebffa41dfbeda4d88c9fe7c7b,3e44c000ce19433c0118412c34c8de90efbfbff197fb3a7027916214078a2d09,FR
crazymouse278,clint,CjTI8sgB,c622f41316418d56123d61dd91ceeead,52b4b9030809d31e962a68a8cad02c6c365dd805,0c1c461b6cd9096b98d8ef178e4c118a79543f2f1228ad503e8d6606b5ce4f71,TR
sadwolf411,hallie,hxjgnCBS,2549d4cd9baf40abe8fc0840d0b3b2ab,204b3e35496c9ff2cf961a23313a343433e551ca,d5a7d35fdc57582932808f2d9d6e14c431184919737fe176ca180030c7508b76,NZ
smallfrog224,dagger,39qF1XLA,225f8de527f4e16c9eef8563f8de1ff8,003a09f330d5e6fbc6f05bc72b3edd16aef06b1d,311202b49c3cd9102e41716aa9ba16b101cf2cf335daa0124859a062462502d7,BR
silverelephant418,muscle,70hFaY5G,496b69e2b609ab97739bdf9ed26a669e,ac0ca41613e9643f4f65d422be82edbf90be24da,37b43b1547f0d49b3297dc6b65b5d47129cf1c512404758f005f4820054c1bff,US
whitepanda159,2468,MASOX6bz,205632756e9231efad9b2d8f8caf438b,d07a48638e5781d87a67f13f31ed3578b6841dc6,003601d19fdf14ab410617d3c8a9e993e3a05d589d92bc867103fb03b7e9f0a6,IR
lazyfish956,lobo,eQflzeEk,2c960487a5dc3756a67ef65bf686c1a8,29c618face03f147b28253824395d76f3bf025e6,47fd953cb3ec1ed1378e9b3c8319ebb41842f058b461df7a425891a775b54568,IR
happywolf780,olivier,Rac7goXM,0e4f9230455913cbb42bc4828b4138d1,d0627408bd01990afa37b647d7b32ebede1b026d,e7c9c5f17dcfd261b6e521a2ec92e2f07bf4851a5ceb68136bbbcd6477e3e454,NL
heavyfish716,pinky,kyLlGmJT,05b43032a71ed01594ec5d8643bd72c7,7825ce1e4d3484d18e639c943160651b2f6f6da5,7bfeb3234b84a1e09cb74bedb96f41873ce06fc8e8bbc3bc4479c333a6be0e1a,DK
redfrog127,steffen,EO5Jk7Se,11f9e489893136a3b518f1e6e7ba091f,9d3e0f23f143cc5a255e4e0e62d70c95fc6cb0f1,5cf088ed6424a8e8290c9d4887032b3c53d3042daf46f84b401bc3ce21683c51,DE
happymouse669,dang,HEm0POmh,9be2335516ffd30330b49fe4e30575ca,0bbacd95be99e6e09e95ff1a02360bb60b66d0fc,43a9ae0395605c7b63d71d1578c49b0baa0cf1e76053c20d24bfaf4bf34a90f6,NZ
greenbear300,gman,6Zeegswm,6e06491641135652cdb1eead33228b12,38726ea5c6bb34ed4a0147d52a9c0cd8376d3f86,9bfe36d2cca7bad196fa49db2c7034a43bad5dce329416779d4e4990e8cd9579,NO
bluewolf608,chan,AtDQ07iG,65b3721986946b4396522b42498d4608,762de21e1b9cbd1c0971a30d941ed6d7d32f8eea,de1c1d65678a9588dbfa2e82bf4ce39b813b179a6b36b23dec408da5c7c77a47,NL
angryrabbit804,fairlane,yJOnj1JJ,5a1a904a4a4fccf3bb6c3e44308d4278,0853930e8a536a024ab929ffffc45165edc58594,8d7c3a188603f2479c512a7da4187c0fd4d2d5fe7fb800d0af9e79ccec73230e,AU
smallbutterfly427,valentin,P0rClUvL,10bd4271c1307a4d73e394b9e1699a67,881f9ec36b4bc2626745c198011f97d3b371f4e2,b08e4d26b9f292128fd625efcf40042555bd7bb65f2e3d2a602ec1341ad2171a,DK
blackladybug601,honeybee,935USIql,832d0b2d48348816e82d11ee27a6a2d8,7d3271f1754c3bc820fbec2e8c75a0338e2c0f7d,7db80464200398170fd683c7b3e34505a41fb5bcfbef16ba4abce0231b54ef52,US
blackswan831,patton,Ht2VAGh3,c2f8041a6cf99b4a594e16a77161564e,5109edbe1a126c9a0399253d2418a9cc28ec5f3e,4ccb2479705be6f59a5ca91ed8d387d252b59004d1bf5293644b0b5bf38e95b3,GB
greenwolf776,morpheus,auddbol5,e4c8352e2976fa6ae9595ec15eeaaa9e,1395013146a85f9460322ea5c32a20db13411049,4cf6ebe6fbfb722dbaa30f08eee2c8fff5df59090da0b8820a57be033fccf92f,FR
blackostrich449,blue1,x9fVEQP8,a239f3f0c111db88fa0a39de769fa644,06df7b8353ec0579a05d16e996215145d9456f8c,32dae2f25151fc5d2b8b52089bda1032fdb09c5f373bd866a329908ba9d58762,US
bluerabbit120,earl,LXNZSGwa,c4d0c015ab42bb6c1cb3f89729e470f6,9d7a2d0553dcd14649776944ef4caee5a91d1833,1642a0bb96a6cdf59f8e74bad2dc1d71354dbb56110a5b5227bf3dadfc01086d,CA
silvergoose303,seductive,vIw5qMmp,1b26c0c7f218fc91791561b178e0a85b,81ef436c1ad9243d601c3ff46428fc3fefef4542,aa122028bd2569596f5947bc4c3c3fb7949b8e08a6f122484d229d399c90c5a3,AU
goldenelephant580,heels,fyVfySyL,e373d0919b862f3b76e404acd6db719a,afffcf0b0e7a8fd2f68499c4a6f16d08710035e9,824907f62fa2b7faab0d99e2f663eeea4402e26931ae1b7fe4f19ec85378c272,DE
yellowsnake981,sherwood,D6jejWmA,4795f1038120ded90d0b34681196c644,f1a68e1e4d38d702fac23151bdf865c30d7f9272,275f22f32f35b6249be5f447f8c6c8504c3ba75d2a16c5bec5cec84facbdef6b,BR
orangelion457,elcamino,6GDLmCRE,40b54afebff54c282bee2a6e4972be0a,0c9ec78e793df29450ca7a7e549f4d43a971e30b,6e54a652b941dec11825425ee3c874dfeeacf7c9fde3fb4ba09b305e42c7a7a0,NO
greentiger268,moore,Egfqczs2,a63b477beaf9998a205cc3871926eba9,53a2aa4084b3f8eb160ea42870cc6c768d1e3b9b,c4c39e408ce567d2698f9f8cfb83533493cd410c0e0a287fb53f9daaadff164b,AU
happyladybug201,musashi,qfzt3uta,9880499e080a146fe0359342112424ce,363f4159b045acd1bf319c08f1e756ee2e40851b,7a9744bf06987bb9a0212ef5ee39190a7795fa2ff5ebd1575b0a023cf2bb1df8,DK
bluebutterfly772,fitness,nQnR5upM,92c72f7adfd9ecbb11f195c34041c036,1635437f4f8a8ece09da0afa399f67c4c74477c9,50ad27c26ff7e5ae8ec220c6cedcc221770d9eef844719f212f67f24e718c6b7,FI
whitekoala695,grant,Ch24nHm7,103ab23e50da9ee935e2360f42761df4,23c430bf59266c8348fdc337b43e35849144dec5,8ed38d873c38c1728b9d253eeb9b5d852783f8e70bb9d75b5cd4912963c6af85,IE
orangezebra120,pistons,JtZDkUgA,26ef565b7bdfdc23c3c1acfa0c7f3139,44ba6f0e4abf6ce753603f1a1f38d0e5b32dec2f,044ff450d339a7178d61f0251376c4c17d7a78cced319feebc39681764ad398c,DK
greenlion923,alisha,ilf4Vx9n,987d8179f3fd216c4500b2d6a790180d,f2149f6e14a5aee899c6916fffffc19fa2b7a28b,33b61b08426bd37034e7135f6e11e55e68651da1126160668b15a03b93991274,FR
beautifulwolf942,puddin,rynOaLkc,07c9d6b06fd85029c0d8714513d684f9,5964b2a8992eb3ab9a33d21b8b79a694ceb09408,15de8f92cca3a2a2a9fe72e4560153ebb0c954f4ce3f9d4470c919d5bd5dcc78,NZ
bigpeacock364,gatsby,CjDeOv8d,ecd4ced830adebc54edfa4c8598c1772,5c283076f6d196cdf3e9ca675184ebd39f75db9f,e9104a0a75a9264cfe62b98f1e2402b045331c521fb9da41d7211a7dca253e37,DE
brownmouse528,groucho,hqZRzAmU,79e71cd6616070673bbc4028750784db,40a986688b6e0a8780d7fac9f8ebfc83ed44e3eb,42dad29d38c73778ee4dbfde8f982fea0d246e40dfd1180be0b2a36bfb6b4321,BR
whiteduck697,142536,CSYFdt3V,e14ceffbd79ed914bd1e4bb2251a5101,3efe6316e261577e2870ec3fea86ddd816c60cba,a271aab77a3478fa0c068c2b24512cc70f29ef3dfdd17cfa1900cf52d9b4caab,FR
yellowsnake620,momsuck,LjHwfm4P,0285b1df87b637f97699aa6c273fdfa2,9c13e124a0e7ca09e93521e14b4d829c6a800911,ab9a81899f985070380103a6a21fda8a4d770cc6f55b2b53113c0965b1c789af,GB
beautifulwolf932,pearl,8VK86RyQ,047870b2a67237a706f9b737dfad3239,e232eef75ac3678fd5c86e16c274630bf002cf45,a9565deb060e7877956f9ff0c47f52947f36be15b31247489678eb0c3f3e74a8,NL
silverfish688,2005,8WjJAdGZ,2329c427ae8ff33fe5e7744ad95ef09a,8b4b7f94bcda0372872daa3962fbec308b5077d3,fe7b6c169cd8e2c445eaada748bf18bc70d6cc65ad6ce89f90ae7a8d3e830fa9,IR
heavytiger589,baxter,cDPYCiM1,d7ecd5d7bc0f9385d3138df1e742efbb,2f9a1b4f27bb7b91b427a4ff6a3c74060e7d6c79,28b96e1b7d3324369e814de55e1b1418c9a0ee39a0e166d4ef3c6b43845cd127,NZ
crazytiger561,conrad,OfQA8x4W,5041577f218f4f2d0c2eaed571ce07ab,ca2922b4877943ead77f6f665f549a931af03a7a,4319a34024c517a8a18ba2b66492d9159de01ef53a1915d3044cefdfe09bb870,ES
bigcat968,charles1,FCV5Otiw,65b4ce9761e6e3209934639f5d734d28,f1deb94f73b6e77fc7a581bd0b64a8b18773d5b5,758371d2e5dfb12dbc2cd0b30e41fd9fe7aa015f28870f1150296fa3f8cb183a,FR
sadbutterfly560,414141,Q6sMmfZB,b92f252551e51e4d2dcf1450278f2691,8d343822c0b006aebb8878a4d2c051fae751a7ad,8a9ec6995e13c295cb3bf1a313dbd694c56d3a6d6afb4d046ed0566894631935,NO
sadkoala818,zhou,5gXdTu5c,44675823819be60f1e7695130b6f0f87,ca5d44655c663d1b619b5250b52fee8975378f49,081a932411f28a0c7b2a829e19ade176f57de7e035fb3b1064db0b27a0b850d0,AU
brownwolf695,beater,XMOnWtjp,b4a1c887607bb2eedadc244d45112f13,96d7aa7f89fde606aba0646da0dd031c212eb523,af61c1bd1803cba7c04aad79ae9aab171a1b85046f81010d9c49d12068bb4bc7,US
goldenbutterfly166,gonzo,eZyGkXl7,ff2fa6b839fdbcb02b2df8a795b85fa5,27a43f752d9ef19e0df4006fa26d25f665512fec,46e4b61f30f8f34e3a9a201c3615c47069581c20d2c465024cb4a6c666193d11,AU
angrybear732,77777777,UB7hpK1L,46eec4536bbe06279dce30a7899fdcdf,59c2b45264882ad40d6b005ca82fa889bb2b4ab5,24bfee330880ead4e235b80ec6f43b906f63770bd432c69649400b45bdd2a037,BR
blackostrich359,record,aDzZbXHt,c91932c4fa4f7ece74578203bf563f06,bd0d20812ca6b4a595ade176523e5044c69f177f,c665e6fa79f6b91cf41a84acf573198384652e55f818337bf63836846ad89baf,AU
happybutterfly255,marines,faSEMwjn,1273c94be05476ad9528f835b7c8d067,41ea85de41d23c8d3c3c7d0a0d1e5c31a124195b,ef3cecaab3a0a3005081b39ce74cf64360bc18bc8bb21804b87ab1ce6fe204c4,IE
organicgoose264,hotbox,fekSu9Nn,6ebde84b4510be783a6d39e3e50ab60b,6111ecc4c76e5ac44969ed4abd08276fb5714c17,12bc524350e8cb2f47daa93304d5a45addb2b5dd1365393683205b5919b1b765,FI
yellowkoala291,gretchen,nIJczb9o,461f9a06075e4fc608ad19ac4ab7a99d,5a1a818f642b621d4e354be600423132c60b7492,9da2567c4b82a8b3d30aba52db1ae3778f85ca1946f252fb6a985bac87b0bbbb,NZ
beautifulgorilla709,jungle,AZ3FKtqO,c4384a189f7fa31805da5b1d6c2e942a,e819058b84638ab816b998b5380da68d57890f77,8e71e88069536401ba22f4f14d7d309ec4c52358fcb4f5ba98d0de3cad8238d9,DK
purplelion829,shen,LLXRewuB,8502bbbdc732762377b96244e3f89deb,0667a02a69374c1e14cdf0f246fbd9ca59160b91,086613cfe8bf8cf8e6d08baac47927d0128d0f0fff2a956c4a4292a40b267aae,IE
purplekoala802,giovanna,cIMx0Fgr,b8e29a508415371b08d95fb6075971ec,ba61f5527b18bb659681d26fba43072e007c5640,ff9828619031a07922f40de1a79465797f6965ccedb7d535bdaeb3a74d4e050c,US
organicbird667,flounder,p8BPYlaz,6ff004153b327105e2891ec87d8b98cd,97b03d62583edd692f1e22aeae6d98581618c737,ae3bb48b59b8efbebf3629ab6182c6446176f2dee4685d1021a99b7334d52ade,BR
blueleopard301,reddog,ZkZCRBHX,e44522245e9c1708061e1d9169920b43,2b4009099a662ec21c96fc5becd76850a25d3a14,0e4fcdd2447205697c48c603242197a0a9ef17f9d83b375b77d9317b295400d1,IE
redladybug610,danzig,W0vA1Q5l,3d09ff0d5359161e16b44c040ba1346a,b339fc9e7749692b89e384f5bab7d25bae45e0bd,99640db571790fc389da440ad1138b06605894874c3326beeb0a110673afb585,DE
beautifulduck287,565656,PWqfFm1g,1fbf0d04437eab06502f95533fecd180,e3951bf36ab9e5d0b826336be1d0bdbe61123c00,37647ff099ff59e44af84d83df826fd55b9bb266e86de4e1555c1ebc040f6a5d,DK
orangecat643,target,5UJjqJBw,20534ae72e4273057aa0de8c5fe72577,ac25afd14f43e6d9ff3932bc716760a2ccc6f7d6,62ec71354a0104d77d5a23215da23b091e9ecb9f31e89b8692f441ac18668d35,GB
tinybutterfly865,compaq,wtymmMYP,76c79f54f91c1d5bb91e95d575efcee0,85efc0999e3456d8ec34fecc8507ba6b1fcab061,25b6a36b2b0993d28e4133b09874dcb3c2b7727ffb899c9aa16e5318b1cfbb4d,IE
brownmeercat548,jersey,ml0rTYf8,d2ab55558334a94395d2695e133e01bb,4be928433e9d5e8c5b65b5eb5cce81940e52eb8b,7c3f40c3bb4a34c04f125baf3bc8f8692394653437f204891a4e456deb6fbe0b,US
smallswan439,stephen,YvRfoDqT,3a1a3f7ad99f3261f7e8c81d63262ca3,9b8e5dc7540726ccf9a4a477a2eeba1f2dfca1a5,9afcdc7783547885839035b38c9ac6d81cb289410ee0b6fd240d85532a8bf97b,ES
sadleopard424,sebring,0DcYGgRv,2763e4c84116938c13b6130f3d430ba4,e3a55dbbd9f4f0cfdd0fc00187c68352ea235c84,bd11c195a8f5e676f20c973badb63b5df65b18f852676462d21d3f01facf3bb4,US
redleopard292,lust,2yQq6hZD,20e2177df5695f627ab0572f8516a13a,54ea2e4099c1c159b64d4a79e6f739d3244f11e5,397381bc6e0ecb41e0e821e52db4fd7319bf60b9835d74efe4a1f2104e744cf3,AU
bluecat515,pipeline,U18mIS1Q,f8bafc60aa54c0029248fd3005707b7a,6ee6776eb9d7eb50a8ebd4e10fb7af134e5f41a9,92a6091d8b6b66a52fcc2fc52002918123d99d520126176dddf6c147688d5c3c,NL
beautifulfrog100,victoria,eW3WwPCD,74b108e37880fb7d4a17bb4fb6a924f4,c82f6a8732340cd41b8bc562a78a5417e6b81082,0e69745c6490c72eb15631d180d5a3b768e0fd49558340537c69e5b4f687d196,DK
purplebear298,pipeline,bq5RiAKw,78e77c8d8487210ef7f3cc686e1bc7ee,6fdc967c34859774b6586dfa4aa46a6f43ba5830,a820ee2d89ab896f19894345c6f7f747aef1df186229221dcf604b4e953c0733,FI
organicsnake614,dimples,1yfk85MK,a274643d16c1abac1ad15fec9508c61d,15021c27428bcf2afe06a057eec6a08396887e52,2e5fc6794331de168e24cc9c62e2d4f25b668b15ab5fca57b5f9116db1609bb4,DK
blackwolf825,jane,s1w5Ftf0,f61c715b1bf4cf9116ccc74bf93d42a0,4036dc89cd415ad6100ddf6801a01ac74ff09eed,1f7a933f6253164bc558034427ce2d6f7895b12edc904085ad0d4b77f47315dc,US
crazybear995,redsox,Edv2wMot,9f3f98fa93ee3af323ad21c494e98d0c,4723dd800f33a1b6795c0b7629e1fb8b3d564fdf,3d5c224953370fe8bbe9da3e4dc7f71f89a87dd265b469652c19fd8849b9b864,DK
beautifulcat784,brodie,WfweLvns,4fa32d47c66a21c22d5cb6bb055b1038,cc9881d1e26c2bf723f8757731a06a5ae66dfbe5,c4e996d912ccc88f4c4efa8b45373b618f926313a8ae382f48f3e7d6e41f6327,IE
bluegoose620,ambrose,9jnw2g9F,4fe19852824b68ed418ae871aa8c469b,1ce41411f8a111e430655cda2cd1f8c8b21fe280,61f1afad19fae77118dd9b674847583f1e1aff739a1c0c51605c9594a38fabed,NO
goldenkoala407,shopping,nuScD0u5,f35cd0bf321127fe10d3bdc9b275bbd3,7b184de82434167a3194902d9313150f83ede9c4,dc7c959c248f71dd22430403be0f1c2ba027e239c33f0700b36c44b602d12a86,DK
redostrich147,fortress,yAEtDyG8,16b3e0ddadabd664c90ee10bfbea9ec9,3dcbddb5dac2d7513956743804ff98326adbc207,a1c6b580435bc2dd28d23d74016db2b58b16d0e4664005a463170eb9dca1f039,FI
beautifulbear881,miller1,KrCJValM,9bd1ab747d073c95285248f546cd96ad,1019ada6ced941edd5be97c64911ecf8be9ddb75,36398fcf66ab3957bb6630cf7be2b2c949d411506bbc6a0ffcb37cd91f5eb79a,GB
greenelephant772,stefan,rKDKepuQ,a00dd338ffe559fe78331d7b9fdc964b,a4017a4358e0c73f4fd2c2248a2ec359c74a9367,e184991de168f1f85f917dc30b284bde52568874be5818087a3c2bf94cef7cef,US
bluegorilla165,philips,8RbhisY8,2f6cfb261a8c52fa8721b9360730b1aa,e98088c08537ca40c9f696b8b0fc2c3f2e832a28,26fe9941d276ad930109e4cca356ae0da7763d934de8ccb229ae4fa5776283bc,NO
goldenwolf793,reserve,NiuDWyTW,7c83add8b32c4fdbdba07c61b3cb9195,55d4c9f4e9af1df355b1c17f7986ab3cda1078a6,e936b721a0e0499d75b4d85dccf97ea176801c4ee188f77aae6282f16f1d43d2,TR
angrygorilla773,backup,TmJfpT05,7bb1fb92b8e0a09c25d987e3a22a1c8d,6fee4ab3464e4658da2447e8535e6f4c73805613,735560739403e54cd99016e8a4e4356bc4d8ffa5c0af51b984ce75537245b726,GB
silversnake876,citroen,L8UqG4Dx,6e8799387015a2652fb0965870da2d54,bcdf5ab1fca17dc2e9a459f776a60d9406e4153a,d2bab92aacc467ad6f2a42c4b9eac33bb17433a58f0b8858b4b7a8719dcfc08d,DE
heavybird437,jackal,8Lvusjts,6148d9f1fda80f04f1aa55f59a1122b4,72e367f0d32230dec2d5ba099d7704c7f199564d,2a89eabee0d049d5a2c1cc501970172a0c5e7d1aa0734fbe5e04a7ad19bbed0c,CH
organickoala734,housewife,bb2w0VeV,7d19ab334fb8b651f107041b34e83c1c,a4ad6dbfe0a3a302f7fd58c161f459d1ca303764,0f161d5e7014fc9e0980d5d9c839cce10f4f1b8e25a213cf5db65a6b389f611e,DE
orangeswan486,valerie,HxeOqphA,3b29632f159e5d05e39fb1d97b8b1a6d,0c64fd4ea00a98e9e96ca47faa096e2d95abfc95,3920d7cea42f981b2b959187100b5381a9225b9d8cf4d309aaa98115b97a5338,IE
bigbird175,sophia,3Vb72ETR,1ee7243f03ea3bcb7d71d48ae9fb4f2b,8ee71dd161e6f963d04f4dd7e4aef2fd5c54a514,1f28583681d36be5395436005b0542e2381f93d8d37b3bc55ea0220473e385a2,CH
happytiger690,cuan,OOH5A81c,21a32227086477bad26df30bbceea3fa,e3852608e79b21c8c3cd6bccfb541729b9b9bd0e,77a5e2766c05c7be18c4b81a3f31bbe1828ba9a7a09d25189a4e49f0a70ff8d8,ES
happygoose331,chambers,KITIXV7j,871e6776d10bb4105f01c73d70438cbc,e8b066122f9cc62b9b6dfe7fa2624dbe11923e13,df998c04c3be6b1b8d8ef3d1434ef8ea95cb00629a0cb16579de4489bbe1ac54,CH
lazyzebra135,amazing,kclumWKu,8b2a3688c9e8e1be80a63eb62d3e53d7,72a142f3d4542002ddda71c1107a1cade6577a04,291c57d9428d71f7d769c41e47860f029b7e733622045b3c83e7bc44823b357f,IR
redswan965,cartman,V3VyEkgq,a1e1d1e9173c06a590417ea67fc8468a,0d1ee9c189b68e715fb20a92573bde8cc50a80e4,7c34148be31ba223c28972338374dd0953c6b7ee072dcb2a5bec3916a114e65c,GB
brownmouse660,pain,ZmzjE6fs,ed2842543a08434b3b5f8df86af5eda8,94082ec57ec9aba8edd0a86aa93cedd99912359e,99f5f1b6b6649dfd2dedfdca18552cd2a523de016dc40441e447c9ce0a12a3f8,BR
silverswan512,seadoo,29NkSGcQ,17e7c9e65dfb9cb65774532b1d516e1f,e2ddcb1900c0a0464a7cc7c8cb878a71ea8aeae5,547b17537a607fe645f0abe40f8432761b200999b6fb61a824b928e2c641300d,IE
crazyduck606,inter,bGeYSMnf,d97a4bb79308a702064655de36615815,c8c8cea4f9a2ceecd05d07a979336027becc1613,61455fa60f391a0f11d35c6b2aa75a5b5fe79527e45b1b6e60928bbf192a6207,IR
angryzebra750,gryphon,swWOzGUD,a2807a0c5da188732c61bec4f16e75f7,d1333faa818d1ee862164b6fdd77e04ab439b4be,021dce49a9aec9d147ddf20c54fdb15e3667d787e06626156b3f8ffc968bf7dc,US
sadgorilla496,spunky,TeLRwe7l,8b6093ccdf4ed605af935884cab59065,14fd5dcede9ca47aaa70fa1b1ad18d53f83bf2d0,4afb2a08bb83c5a959a0184b6451b42bc5dcae2d722ff61dd7b9c6b220416366,US
bigleopard440,8inches,gP7RteiK,57d9ee9811ed4c9c0b2928fd1b894342,12459bc24e5dfde90dddd375537241a589f3f0a9,93f772649c62120b9ee193fa0e77cb157d40adad3ea6d127686e3d163c9035a2,NZ
heavygoose216,picher,XILDPCMw,b8852624db3e9b1b73304ab7b4f7fbca,db4d90b0a0bb900960efdccda894a6a86728d4ca,783166d85bed01ff991a2318918a58984af21522ecf9c1856eb6141090caf507,DK
brownbutterfly909,tacoma,RWeB4JFL,a61a43712dbb388e4ab20f5810c8e7ab,553dadd386b499578f54f6c7faad7b1ae20dfe88,7ed1657a59d4f42b7fef6b51ea78001ff14d70c381fff4e8647fa986a7a8cbf8,AU
bluedog445,thompson,QxEoo0iq,4cf3f824386812a1c5fa462389d1ac02,00c45bf3b489369782a9769f82fcce0ccd6c500b,5728c699e3a8f8f9f03f98081de1a6db4a77edd91511cc5454db6042255272d9,AU
bluewolf142,tempest,YxADLqUJ,084c5c702d24e856b83454b684723a69,f2960db6567d10af8fc925fa594f4d28b771ef58,999b5da7ba8d06088b22b2d8e91c720bb027af62b44295ab17e0091073930bb5,GB
goldengorilla954,huskers,ZmkewLoH,82040f4448b737596013f62fce2a887d,7961f340926b2a4e2a802d2d629ffff670446954,1f19b74594405ce0fbd71727c0068fd6e428344cde72d8ec3b5a82e00079b94b,ES
organicgorilla431,2828,a3RS9DCO,8509efd754147c854c667cfa2e3d5067,79d87818497bf6e7ef76056f7141490ec829d5f5,a6a14a43cddc42f7cd4649499c627fed0f3981a902d3bcc1b44f578e0db3cebd,CH
purpleswan939,sales,L19xKqeY,4f8a9079accf1b5c945d3703960dc15e,c7786eae0ea3afd80dfea474d92b98326af88e7c,30e5a5c1bad81e1a0bf013d6ab48c0419591cda0ced52f0adc8a1d1411bb830f,ES
greenmouse951,hotrod,HpIuuIuN,92d325738966023aeaa0e61c044fdab6,785660a580c6fd8a0b370d433aecac116c4106a5,50ce476d0337ebea8d57bc2b8507cd4426b66b21562774ad65919450e97eb404,FI
sadostrich247,bradford,G6pMKJeG,7262d8570d8fa813a8efa886ab6b04b1,0259b0ba2afb0ff30f16885a58964632855f9251,47ad5c90ae0fafb9fd859b08878cc858db630540fd1e0961a170fd9360dc7108,TR
tinytiger684,meghan,yyy0GAbc,e98d2c8026014b98083476fb956c9349,ebeed3e1e9a614186cdb20fdd17e3e96103effc9,d5422bb29fc2695e3694d6859710af8e57f124d876fbf2fb56c30b7a8288f1cb,CH
beautifuldog275,flyfish,qTWfUP7A,1cc55bc260814e1fb9c133f67242e976,03156e19d46f3fc977e8aebf353bb432a0dae490,e758c1895c30a4c06a63c557bc19ae9ff77320f74141831562b7b68b59ca56ba,CH
heavyostrich410,bauhaus,Z6Tq5O3H,e1753de1b212eb5b0dd7c07468ca4940,6d08c64674ac2d4505f964ddb517d798c8202b4c,5018a477b75d18730c5436a397c63f1ba3291dc97dccce113e163a548b1341ed,ES
happycat421,security,MDur2va7,b5735aedc4b565f2c0b5ecccb34e66e5,020822f0723f497858dd56b2c86e992ea620471f,9ea984806f6756fe023ac94dbddab867d9bc2b7be0cfd1433d6836a5f38aa51c,IR
orangezebra290,quentin,EDdcUwqK,c168bd628e4220eef60eac287004898d,a032c344462e11256f818ffed005dd5b597424fc,d06190aa351ac324feaeaf462a625505a20c1449c7cd226668ca0e8da78659c0,FI
purplepeacock246,mcdonald,oAuO2mYP,3deeed65182ef116b6881c99efb3c1ae,6aac6e498256e773f6a68e5df8d69e16ca45525f,23142f08b8095c8204943f24881b2a3869f407ea8f4c83aecd89653d358a3e43,IE
bluemeercat282,stacy,sTzCOKfi,a31b539cfe229bd9ad1be88f48564de8,e9459fbc87bf49d33043d5602b5ad2c129cc47a3,7bf6847ce6e885ef21defddd14bee6728398246d018e092a298d791a3b4b6539,GB
yellowkoala738,heinrich,UYYnH4I3,b3fe9abf4acbd8a81a4fea8fdd98884b,21b4d342fc20d83163ff7df0d5dd7620ab30e528,a5112eee51b4ac3649773333f7a5daaa1b65729ef5e84c88149f9d47a4f5a6c3,GB
silverpeacock329,henti,PVszgIm7,905a5322bdc2b2e7255940eb40318aa9,6e19fbfda25165b7f2d9dde1f60fa735a90439ee,8fcec2881376d438e28cc88e46edd9936a1b73798cfa9c4141f51bf1e6b9a53b,BR
tinyduck295,scania,yhXBP0YY,50abd24cffcbf64827245a906aa40431,63dc055025f4002613fdf35dade45cd80e938bff,1bca65ec2416403ce2b31db92c1cc718a2c06234fff3fd10fc529acf03ff7187,AU
angryzebra859,shonuf,16gjTfD5,cbee18948b0cbfaef85dc1f435053f5d,5f62e4b5797bfa83d023571b0d71668668deac91,286815814460b4a6c86ec6ccc2642a6bba5e4db5b986aafcee859a360ce956a5,GB
sadrabbit558,antares,cVh3wxue,45a13176d1b9ec8555169fad0d962551,2b75b85bf2e6ed318f21da3bae087d5118e73751,72018db1c8e0d738e952294b4da50bed510a4c86a447fcb94678919cbcff105a,ES
yellowduck846,leopard,4mcLqe3h,653dfb1c7a9d4cc1682e2a114ed65b37,58f5219aa813d3b312fd8cd9b4a9b09d1e4e6833,70e5c342ee4035ce40eda95dc1f0982b7f23919253ef5cd735045585e8dbbdac,BR
whitegorilla344,sandiego,H3uitA2p,582a46f0e671dddc58aa08acc8001a7f,6f1a62dce3c24232581d87e4cc268c88848884cb,096928d98b52a47421daede3f2d4a3118ee6c3b9a46ceac237913e8e3c6b5864,FI
yellowrabbit356,squall,ZxBClPe8,adb46e204f6ff85c3ff0621a66484955,6eabe58ba599b5a44bce1676ab9c3552937fa85c,83923ead2bd88381d03ecc5137aad9d1679a2a78f7ba5037de7896df9ef916db,FR
angryladybug439,carnival,KdG9Ov5e,6020f0b3e9eac2f2407831bab648dc88,ca6af36b195c4ac5aeb38a52ff015fe5f40d66c9,4cfe856da5e60d8ccb830158045cbe8834def2da7e1db6f130201bb61e3ab8b3,FI
crazypeacock546,mmmmm,KFE6BuyB,ea4458f1c1dfe9712b86601087d51f99,ac65ff56ba09502bee5707a8d238b06568755d94,da2975c7c589c62ee00338f5b4961cbc6e94bbfc106026a3359b4078495401b7,IR
happyelephant186,giorgio,fXiCjpXB,1da9947a41988c1735188ef23b0867d0,af7c9cf9cc1c0b0f5b24f4b85acbf945f46c8553,e7996b254c024fb364efea6f437693e7dde791b321ddc2c4ad762d3dbca0e3a1,CA
orangekoala402,1969,a02gNMz6,a84c170a8dce7f6f1f9701a23b942fbc,5a055e9b6a990c0233b3953819bb0ff3458c5b73,e137bcf57a17e2893382fa824f803a69dd7a6dddcbff9167347a3aa93dbbc844,CA
happylion305,computer,nV2veOPJ,18832eacf664140d2903a5e4ff7172fa,7eb9f7e9188e042306b391f39d3baa78d854ac68,1b9c8f09962e77b5e4de6dade92e0bb15f6d29768c315d88b6a18ede4a51b2fa,FI
greenkoala205,shamus,fUY6apeK,8789b4949b5fa6830618c7ea9ec892bb,231e3f2bd8c1bfd01b9598c4777bf12e59299093,759074cf2e56bb156585ff043168aa4ba8063f98f53c5ffbb65bdbdb445c0fae,AU
tinywolf391,slave1,P1LNB4yT,1cabc0b8f90baaa4c1291aca7ec98382,a5c141a39de4b48aa6fe9c450ed9fc8b063e589b,3588686c91ae16c05a6ff477077f56d9f571352d189f9583735fdd8098265bf9,DK
beautifulleopard549,bogey,aOhzwYNS,964032f16667bdf36db28c53a2787a47,38a2c57c2e8ce97f18f47c7444c79466019667cd,a01a08d521e304f8b7a3fc2428424411c5d2689be8989c483e4dd30c5b9c02b2,ES
greenpeacock598,popcorn,Uo1wBaIq,ba370a31c732681e796b57252e4ee274,3bc4dc186e96b47f74425df045127f900813d70f,8f7df40aa7ef86c856e125df5d87776ac3988c25d8a8bf83f7658589bc9d2896,NZ
yellowgorilla181,hawkeyes,5rofvSdn,5ca5a5c6c03852ebf8ad2be0b6fcb53a,7b72385cb3f2c784fbad339bed4c6247d39b23fc,0ef7afdc9619c65ded7247c4c467592636c1d4f4531d5213516b7e131d52d682,NZ
lazycat221,detroit,ISXjxNCH,ef93dc4c4d7a77cc75d08b02d27018f2,bd6a90e08f666efecef5ea4e0af4f984a8258fd0,415856386366526a09fea3c88c32563131197d2b97a08f4a117f2442c2ed65e7,DK
purplebutterfly423,clover,w106sp2V,8ea74712d7bae7c3ed5c6934ce19dae4,156c7109a38776f02b0ce7829360692b0e22fd2c,f1c224f04acc7fd3d907d551344c350766389f347b4f1b8adee4b1138ae6049a,GB
ticklishsnake751,ratman,ivyjbDYC,231f123038ab4a3214ac394d0f8ecb1c,319e337617117863e4a1036987426d8cd70011e1,c30293a64a868a95ff669ef8e86f2584c5ba747c6f6adbfa8a85efd17724e8c1,FR
lazybear108,graphics,FH2A0VNh,aa8c0c4bcaf64519acf5da5ce5d474a1,dc31345a1837d06e6292d85fae04a27dafa9a354,c486d97dc5db4ee6caf5300fc97ade1d15453792304ff08e056b5244d23342a8,FR
sadostrich683,jeremy1,tAuzbVTZ,5f0f0f48a31e71973777ce9130c20664,34360a3aaf3c8c33cea98541361c4b84e705d15b,71ebb659d6200993b79b30be0d618dae858f094fc7631b8049b5a18a512db9b2,FR
organicgorilla822,picture,lhM0XmD7,f81efddc701a5e7d69cf0caa0fc64e17,2d42027818fcb6a662b46c820c8bf94647a215c1,c01828cf750bc35a026c9d0ca4bd9b0410931ca58900416cade12ac4efeea2cb,NL
brownpeacock389,soccer,4Mf3BUys,bf88565ae43280ae7c0e4d0d45efe229,b58bab3b6b61fd2d2995544bc8b8edcc49800eeb,492e874798ba7fc765d9a0727060427348e178fc1807954173d6e0a37e138334,NL
tinybutterfly752,parrot,wghhL9oS,bd6933f84fe1b0482d65260f4600923b,d2d275eb189f9430a1ffb0b95523ad7467dd56b8,ded59eb6cf8a8e4bb032377e3dabd22d48229bb506e4869567543658d1b0ba7a,CH
tinyladybug247,ronnie,YqxEZw0q,0d898f0fadb963a5e05e96bfd6b24626,aa84389ed581a24c83b3bb6db96552a605ef7337,f9d56b14bcf0980d0395a85c8c9065ea938d17a85d061bd454caef734039df25,BR
lazyzebra168,addison,jQud3MGl,3ffa0eba409cae8cbc9c8268c0b4eabf,f3e6bb368e908c5d1757a7f4e1e65390f2a93426,1644be581a10b9562e0ca49a93460f993c1541325c25c6e2b8ad65acf64d5e65,IE
silverostrich781,spooky,Y1dWL7Vx,206256b00890c903e4aea26ec49b5dc7,54dc61921342c5fd00fbe39f62f7daca3e6cf768,fca993af1cd11326131acb608d12b28e012f1c7f7443e622b3a251591a7d7966,NZ
ticklishcat634,elway,MjOKCJi8,64f71d04bf9f9576f035cd39abec0a05,7c163d89600f3a2d74967b32096108ef29eb3c6d,0c999e3b64d66dc9b860b397624430d8f807936190cfa909480ed09667edd69b,CH
sadpanda639,skin,y3SzGfmB,cae078094275cdf00aa2f75ab975bba0,3e6c8d172759791ac52ea9ca5936cffba5aeb0ea,fed826ae4d29d80f66674fb7253ba39c6bd3a9b26c82bb988a9447ce68152bf1,AU
silvertiger925,pa55word,KOEXvXFh,02920edaf4ca91409802c4199e9fb684,272a6acf7124d15bb026d105f60fe63128cb6a8b,133eb19b93e61824da4688284a830a44d38f518a6063e94b4ba9f93204bc0385,NO
redostrich152,rupert,8WVVOjh6,72e918933d4e40a9bacaf95183806dc8,44f041982afbf5f537e4a48257981cc69882d1ce,dc98fcee74ae79c911c104de9298266915f8ff6bc13877481d99b79535c59787,IR
organicfish728,scruffy,JJdNN8zX,f26c41e0e2aa035be620a95b6455f772,f0561d09b8ca1c18f256a0e1c9bf1790a46d89a9,a8dbb230aab84b7a81e395f8a4085b6c744703ed3a363266b2e54b405e2a3d7d,NO
beautifulleopard890,race,sZP1nfIB,89f7a7d988ea59c4dac1196bc6ac70a9,dd987a54da288a97ee153eba190132b768e81728,3d5c1e75ed1a656068f2290fce5310d3e395a883f9db41c1d5342e455119a584,DK
goldenfrog977,rocky,XoLF1Fzh,50cc87506f9e7d60e272ef82afef0df8,8ce0ec38ecdd3add3463e26a0d28f0452e054866,53e58679b150bbe249bacda46892d7cae4f020955420bf73e61f1aa2246ce765,DE
heavywolf335,zulu,APYEmgr1,109c89cf84ff65026e9d0240aacff385,0007bdc2cc5de57d6e88b869e4ebdf8911a651f2,c15e36beaf8e738d4038ce7fe3bb63ddaa8057312d909b67a0a5cc9de66943b1,DE
organicswan923,guess,mAEWdSbf,304d06376e4b53d40e6f15958a4adaf6,d1baa87d9d5b9c42332c0e56ba051ed73ba6578f,e72bdc5f193ff0f66214d77925ece284cd59789063261b6d4564b4009a64fe93,GB
beautifulmouse629,brooklyn,xW9Q7WXY,06dfd93f1b0e051e6842b01612fdb416,1e56a06a3d6e185eac867ce5ab4d0ed97df9ddf2,6893004966c662f32c1cdf1d56e4d632cb2fcf7adcf5b16131dacf4db6eae445,IR
sadbear574,patrick1,APSJvJ1V,5fdac61fbb5143e727fcdcbd77044048,45137315c3dd6b0a1e6bc5525f0b63966b5f5d03,5bcc9ff0bf920b8c9ba8499ea913525a1c9f9be6d78fb8b6a2740622705eba35,BR
redtiger554,captain,fKJtWpDC,80c7a1f24c3e52eca5864a54c116b031,48d896159050caacc0d560a1a98bd9d89375a023,6ee9bb8fdce5bd6dcf3890173435caae70ba6bb5e6da57f37c02b6b939e01a9e,NO
bigbird537,wolf359,8ITzh9jH,fc5f2d40b6efecb843d46e573da7e453,31ea3a1cc57b0bf326bbcb7a7b0477cbc98d0959,0648b66d99f4a1c555f33de1c6f835820b5c0d18851260c4ab8541fac8d64c0b,IE
silverleopard957,nobody,CuCJ93mq,fc296fad2be4066a7ae2e23e67f15081,7af40478d63f917d41af93c39e9fdb11e8b52cd8,963e5026cce2768739b730f95a12280f346fd2a68a25cf7439e0104e08caa198,GB
orangedog698,ryan,bcMIS58r,495e86e473bf6b8af2dacd48cc509827,6a51d6eef90eecc5a56db6d79e004ea0faa9f8f4,73c31ceaa61eec577c2d64a9a47d80098e90593c4e654c3e42db5ef66eead907,CH
bluelion736,warning,idWapktK,45c9b21cdf0dd80b925b0661499d77e2,352c95a409ddabb12a22a2017b7d44ccd9b7ce22,5e3d351d14243b51d0363c6bb4cbfc482f3d2b28d64f7cbe2fc18bb5f1ce6cb9,ES
happypanda681,oreo,T63j5p0V,87df77c8fe5c4496bcb7c21e14e2011a,4ed9881ee3230530388f0b6183babda80fbe3349,6d36e561e67bdd688d51f7b7bf263d06b173d717f3fa2a13b32380d9688063dd,CH
beautifulfrog747,cupoi,bkrZEPzW,9189f0fa4ea3d091f28036fbe42f6daa,ec8f7f49859202da74fba8e1caba5048f1231feb,16954876117376cea7af707076b7023bf49e83437cd918bfdfe3857f07da6c86,US
ticklishostrich334,mohammed,fN1GCw6u,856682bced8bf5409a628afd85153d8e,8425b691bd0c6e850c9ef2e63b5b02df37702f3c,ba6c79b9b5daa4ce3dc5df0f8d37f5ec1f07a8a60549e8e7d9d17644f60e3083,FI
brownrabbit214,valencia,U0h1d6tu,24542d9c6b516d5be848ef1ec4b30d9d,715de0dc2654a5b357ad97ae0c0096b75b178c44,1701f9cdb5875df39a8b951fa733ffe80eba3368c6cbcaee54ffb077270f76fd,IR
orangebird763,forget,YuTcJoNz,5ae266e94a09581b08c91f372021bde0,82e6bbf6a14467d4cd0b80843a1a276261361f86,2a5a9964d369844627e069059d05fc142b345885ac01e8e2e450705bc4c5e028,IE
heavywolf900,smoothie,svv9QA9j,0ccee0965db7d3233a8c5cd437e1f29d,f2a46cfdbfd0fd5782bd1098cae4e7e278119566,b23af7af8c39c94d521ba192bb9243b7f2750679e41d4797011b957f744a80ba,CA
crazyleopard460,master,6gm6qtwJ,c2021f3832f9e3a38ddc559f6f6bf0d3,2a26d0928ef80c1a27e627be4e173eab39d0b30d,c4faf68ab8ede778d4f1e24900c9e396650e0745ecd03000c8514b8b4d5bcf10,AU
silverostrich268,door,HWeebjEZ,0a10204328f6c92366baea701a82c676,5a6e284ee3ac62563fb318c97287c0381a0749b8,97261e04ba792a5e94a8c08e847b8b891789abc667b7b6d45699bb13b9f43bce,FR
whitepeacock583,list,C8mPnXsa,8b4a1016bd9661ab955b56ebf585aa35,fcf8d5813e62eb5885dd1e973f9517cdfda8bd56,2b9e697a980c385fba26a5b690d806dafac63b76bd452083e153da705ef648b4,BR
organicfrog363,jackpot,s3FOlnZV,568802211790c7b6f776829cf3f41e73,3667582db55f84b95ae9add16151a8bfecd09c74,0f090b85eba41ead2893d91d4e054199b5ca0140b66c25d298fb10dc86b26941,ES
whitepanda123,sluggo,pOLoethI,fd68108f47c1e75ababcb64488d8b57a,3f9f3cbadde4accf9e4b9db186ff01f31a56affc,084847f58f510f8f4b476bcf2468ef900cd40eb079d04b8b643eec3d038131e8,CH
silverpanda452,pulsar,PNIKmmCc,838387f8e6db56cdfcab80e98229bf67,ccc0720509e66bcebd281cdd711e74e9b4151a8d,76ba5b639524a47a1e1581a93cd2b0d7dff2dbd8f58d5888b969e82b4cbf3e4e,DK
smallmouse583,jello,m5ns1h4B,8f59c5f15d43e91eac878f67100a510c,7a9913a5d15f5eda886d2fc7609f07095209de10,38b6b772ed1d231b756744d7ccc0a80158026c67e3e53e948b0823f2d92bffce,AU
lazybear825,snake,xhGtTmo1,98299121781846656c85c6e7bdf7765b,760adcc717a0a42c63c9873ae03cac0559a0b2d6,bda123c17029910a1d9f170dd517d1c3845c9f0fc42b246a90a27d0845e11c38,TR
happyladybug617,wrangler,Fqj5aNe1,84a02eab7f0a447f8e48dcbb1084c28a,9095234d2e5000dc4a68a9aec709afedd0b51b50,7b81b0ea9a8d1657d0602af4891bb54e6dfc6c74ea8b9a68200ac7b576c41efa,NO
silverfrog373,georgia,HT1oDBBz,41093e7b5d35580efe0360fd7b288b35,a8120227f086ce5c53fa55afb01114392435bddc,61e27ce8699c4ac8037375b3b66c0f4feb17213478f55d8909bbe52e0a7b57bb,IE
yellowpeacock213,really,WTXc2MZF,5655ca9ed2f8db3120c0779350d139fb,470494628026d0a57fa533ad61048d908a74d55b,96c2ac413426403c379f17d924449fc786c9d866381495df9d754fd9854165e2,US
yellowrabbit284,wolfpac,FcEfxd3z,1ba2441219f1901c527cb592824e863e,f34dea67e6e8e33e1b901e5f39316b557e282c58,abead03cd98091f7b70f98b6d756bab1b491a8da6a5e68364ed4e2bcb2a877fb,DE
crazykoala473,myspace1,NOG6DbCt,a1182c3c6e3880404d7db74428a0b384,0c514f6fe740dd4b210f0dbd1e980af9c443fd5a,29b9293292e48df7927cdd90f261f2d332a0c772ec814e839af5a559668c8f01,NO
beautifulmouse454,rangers1,vIxZVlzW,cd07f61cd53b9f98fc4cdde5400f893d,3ac93498a23486ee40da3f37b87d316dc7472903,33d1320a8123edf4ef256c7cfadf8241f6502f7c151fa78e84ff5c6c59cbf4d5,ES
angrygoose302,cassandr,olUv5aKY,879d5fcc196280fadab71d3ba89843ff,db512a576d0cb9b71b35dccdfe82f34e1bc7064f,47eadd0769996d2ef43ded37b6142c83808adfce22f5ef9faf5c0cc3df4f741a,FR
greenzebra410,netscape,Co4bByr5,55ad93b7970b446e9069beca0a4feefb,4b173442f8dddaabee01fc5f3c9f430ef9b74d7d,6da2e8d9fbc91471771660d46f47351f2b8c87f18e7c1c50d6d5af98b26894c6,BR
yellowwolf711,dragonba,mFq23AQO,e05f2d1f4d576ee302f16df64607e5ed,f87fedbcfb4a1a8af51ee9e536d3816a1664c056,72d4e9791db357195194c6332c173083766d4b2de9842d76a49247dee41630e2,DE
whitegoose260,godzilla,FKQTXP4a,25ed1958a0b1565b7efe486a37ed59e7,e9dd3176f2660ece4c841ed63bb9c41c91770235,01ce46d7580f1aafe12b77a03724124d68538c5b7bde65b47e4ce86fd2533ab8,IR
bigfish913,klingon,uG4tCe2l,a4ed9c36cc264036db6ccb577bdd7a21,444ed16dfd95cb6da88a98ccf0fa6a99cebfcae3,1bdc3a56b8375e6ecf7e7c946195b1308b60a4a26853bb3a35bae3ba27a15038,IR
ticklishostrich353,shopper,sUdPAGmm,4c255c955574e5ccb9ee99566dd276ec,0a4df44192a9090af579e9dc854ab8d65e376916,77e1621ea733730e89e77a61d7c6316a99208ddea6bf3b2e3458b5cc9d22fa9e,FI
sadwolf550,whynot,6salZb65,62183dd0b7c96e062b3283921e9f0385,a3627a9870d8819a8097b9adfffaca0f2fddb7f9,206ee3168d294fcf775023fc642831babd1eeae0ae0c5b3e688a78eda0174445,CH
ticklishzebra106,jeter2,GQAv3GQg,16aed43808428c80d36d52eb45c82ebb,d5f435ffcab9b223cb18c72277b26f2596bfa791,4ec3e03f66fb09f3adaed626c1ae89d87bc708eefa55e169a5191f59a7f7a8ce,IR
whitemouse323,lexmark,NETQCHYc,a7b7728b324784d623ba657c5ce50cba,981fa1a1f994832335dd04c4f25c8238745117bc,746376b01ffd9e79b193d32de09dc63ea05ebadc1212cbf08dbb50effb694be1,CH
ticklishfrog876,peyton,JOtwgBpM,73a35c08df1b6c2cd312cbc96cea2c65,f555f1dcd67467f72fb22375a5bc139b7e66b803,22e9c0a89f709b891c06d623b63169e2bf04be62079c1fff690554562e4e2d1c,DK
heavyswan259,freedom,ePffnzCM,ae62068dfae488d97f24a538139f1bd6,50eab8637fb6fef1ef1165082e7d9e1df912a43a,61b12752c74186b8e158b933948dbeff0f078278887ca22511d620aefe9d6438,CH
blackbird846,thick,8zMEamWc,084bc6718c1892df2f0e29f5628f4e16,3613d48084207ff70aa11ae6f53f7df68897393b,2f52a35c10f86d985534545561d923a2d829074beb27e5679acc9585a04b1f09,DK
angryladybug796,lionel,RqofViEP,09745c0c60740d0c1449722ff0577412,4ca79b2ba4520223d95097ae297601788eca21d7,73affc54203f7676561bf03dd62c1193c09d9f7ad1ffdc11927401f531eedfc4,AU
bigleopard315,testerer,lTiorpFv,633adde8340f264bff85cbe1c9cef845,714e4e549292130a639e9ef446d83c10244e0813,dbd741e4ba4b066999dfcd1b70cae52b9d892859ae331f933d0e1ba9f0ba3b30,NL
smallsnake411,pinkfloyd,284pPgIx,fae021dfa68459940a9917e4a9d07b53,06a4edd448830813603d6404fc3ac7665c4f9d5f,e31039244b61d7c573ed7310454f399e35707588ee75796f864709acfd0c0a54,BR
bluebutterfly695,hamish,LK4cvkp8,f6bdb00cdcbd7813430056c6e9c44521,8d8d418ab4be242179cdbea9546b5f0b247a20aa,78ae8c0b873610a17517690dbbf01737461f2dcafc3344561b950ca6b1678d62,AU
organicbutterfly238,thedoors,BZVv2JNb,21b976171ee3066cf63047a0474a4d8c,b887913cc878eafe03cd1e5ad476a6f0b96370ad,c96fa06f60a52bfdd8e7289f4469cc990c42812fcb9b472c17f0013eeb9febff,CH
redostrich935,pack,3w4qegd9,9e591f41c3fd2bf765e434aecbf985de,22abade9b979a4e5ed725b63b42e32a7eac8148d,6e7185c50d27769a852d36f652dba98dbf7a4951ad6a85ba820c3d5430b11750,ES
crazykoala229,nitram,iRSS5jlU,6a89fc51c0cd9b45b69be10af75568d5,66fbeaed86c33c53bd36e925394d154ab4d25233,6e6971e7236cd8b2ebc63535fe46b1b8174cf6408bc855640316e8cb48d0f73f,US
heavylion242,ghost1,IoIUulUM,334eda22537d7b04f80e03b99a3bc992,7bd1743ce132de2f56b549d3c00d733e98c57cbe,bfe832f3e0ed4b686a3d15ba806e95ed860d7a13096d97e5715834fdea9947c2,FI
orangeduck763,tttttttt,VzcHsQAL,9046222331f2e3c34eb958da80e3e145,484ca90dc6d769809918e10ff311b76b4edc7aef,f8acd861312c6d9444f793459a151f00eaeb5424d3c3cdb131d9bd47ab064949,NO
greenbird683,hong,pBBW4ELJ,87a5a79edc9f8e7e9038b487b105ea98,0265446d461d0d175b2361409b709db004d7d76a,ae9c0c1e447af578203d5c2e879b40706fe76ab13ca81776c4bdadb22d6afafd,FI
bigfish900,tiny,bQflotIR,27df2ba7db081a032297056ee89cd3e6,7a145d347055914adffd42f329a17fbd10ab7741,e3a287a847983ef43ffab3d370d8c7ff35328acd19dfc5fd1bd87cfe6c15901b,US
happygoose669,hamish,kwEPSizL,9e53707b116909840110cb3f754d2198,316eeb1ff82ed8dfadcfe7b96f5d240990887628,a38e4e161699edc519919c62c73fd4e04e935934cdf28602315811571fd52f1c,DK
tinylion505,coco,TV5Nxt3G,3b58b4b383aef59df6a368de0484a507,1fecba942cf2f1d15b3262e3d7c9c9cda5f58931,d9a027667e429f68e2c143275da6a1d6e5cd796da3b093e3d082c31744e90bec,DK
heavyswan975,nathan1,UOXke2rQ,65b05f978b30edacc06ad05a97b87722,99fdf37e51a5ad14fed023b9321f22020fc9eec8,826420d253b094173e8329526b4ce7803ff8de5504967bd9e1a60a8b3953bd8f,BR
bigsnake486,fingerig,WXpSFIUi,5aaaa984a1b315a98f77b21fb70c1f65,1b3ba6737a5dee2a1ffc138a3cf22ced79f16ebc,c5515c0eeeb269bc785f85a021387a3c5784f61e8f95f8869f8c0db59a0d1ff3,IR
lazyduck917,bomber,tOiDphGZ,0748a46d9582e0e7097c212ef3b617bb,828fb69399405189a486115127f04cd3c4d0a45a,47aab13d8cf75eb6cde3e318d7fae481d3a80a55ac27aa9959a32ae1e147d64e,BR
redfish379,outlaw,zIqgvF1o,bc9e5323c56dc27ed0b796a67a4e5671,bf3540d8eaded1fceaba35c2d08c8ac80d2b09b1,311f2348141508fec486eb9c7cc0bc4e6bd98440d19daa20b5f367762f7b7ca8,ES
ticklishleopard445,casey,Sq3R2U12,438ee2b1bc0bd2f52c0f95bb9f9c15c8,925926a3b7e01b108292545357b235a4ae523604,e26673b51062dfc5928856f970f1111e868b6b046a7cc93fd60b04ac5ac62dd1,IR
tinyfrog677,elite,ljjt45W3,ec1cbee8e7a66e8b5c73e004e1ffe657,44331bfffd9c6e5784ca065cfb468a62a814465c,151a29e640bd885376a702fb48ecea1cefe5ab99c17834e1873658ada7038302,GB
redmeercat631,norway,Z7uT4BKP,57f78e85f2b608806dacb3922dde50e9,daa0b74a002b4359957729328dd20aed78f66b4a,4e101551d9f89e50b90a259ecf57185b77f021dc870181637287233e829b8ee3,NO
redladybug919,monica,DNUvqpIc,0f901b4087f65c44b40e6bee08557e40,c7e7ae36dec6c5adc109f12a5787fcba5fd869f0,ea3520454c681b8d7e562c7bae77d239c1da29ce9c6ce90e5e1d18a1b799a946,NO
yellowleopard694,mick,6KBmPPVd,af514bfbfe703559abb4197f26d1543d,0e30444a4acb5573df9f99970b2f93f7b9749c35,29e93fd2b7abb4dbdede58c1decba85bfeaf9f81be52f0b041510d4ae2f52aca,CA
purplebear890,bucket,xdrr66uF,9ad5d442cc54466f9df0e60dd21fef81,92ef042c6bb0e1788831321220e9e797d651b834,3ce31cdbff6663ff72e8d168efbf5bd9b61e861cd4ee2f59585696ec611bf560,CA
smallmouse302,kimball,YqBABf6H,2388bb4b77759aeff75d6e4469c245d2,5dbd24b107639e28208090838de4a677064a6093,aa34532365939c6bd6f5ee15781d854ba2d7e8595bc41708b5585262155ec156,NZ
smallswan356,bigguy,woxQPjAB,ab8f7b78b4c79cce315f507cb26ab56e,ed7c40ae836abeafe04721712a3954ffa5cc3566,8630f7e9d04167ead54bd13deeed80092b42ffdcc30c324dd3a6b7d4b87c7f26,IE
redzebra658,1950,QzXSKxB7,be4f62239189f43c4ad0bf3187e617dc,4f8138e7e202a42a73fecfa68b79292936842896,210ad627d895d3e5e084b2aae13fa0aa1be2a881210433d96dfda5b5ff912956,NO
smallbear502,81fukkc,1weh5pUo,aa600660707e694880caf2af334768f0,00773cc630a545ff3864cad6fbb5eacef3929874,9045c1f8d65d8a31ab2e45166c8cbf48d2267ed57ba178fc25176664935a1881,CH
angrybird714,lemonade,6zz4jbGg,d5d28259f66f057e9e94601605b295ec,80899146dc6f2dc7980dea6f21dbd438b9a836c9,5ab4e2d4542072d1e113e535c637a004f0d83bfcdd73add35ffeec880192041f,DK
