username,phone,cell,id_name,id_value
lazyfish559,949-235-373,699-430-269,DNI,56205042-J
lazykoala676,(324)-826-0074,(738)-846-7305,BSN,33943574
heavygoose501,65647648,96647790,CPR,250592-0260
sadfrog920,022 7900 9940,0727-446-029,NINO,ZK 50 10 99 V
ticklishbutterfly309,957-790-4925,373-786-8586,"",""
crazyostrich533,02-410-537,044-023-53-99,HETU,NaNNA576undefined
angrygorilla274,36780846,48878070,CPR,160645-9085
purplepanda790,09-5409-5297,0492-587-039,TFN,212980311
silverpeacock930,045-02054753,0961-182-5822,"",""
orangeostrich224,016973 02954,0714-098-404,NINO,OK 11 30 76 O
ticklishladybug302,59518595,41171592,FN,27018110771
ticklishpanda889,(71) 2761-7671,(41) 6298-4218,"",""
silverduck979,0612-0539234,0172-6688881,"",""
redkoala978,01002 94268,0796-997-575,NINO,KX 10 90 46 Y
crazykoala938,64409022,98592331,FN,24089523806
saddog365,988-961-568,644-590-675,DNI,43601378-U
bigladybug372,031-112-8377,081-122-8093,PPS,1067583T
greenostrich506,00-1223-9615,0445-120-793,TFN,743794226
sadgoose476,954-003-9387,098-748-4121,"",""
angryleopard737,358-656-1704,963-114-2836,"",""
beautifultiger722,0556-6850135,0175-6732629,"",""
goldenbear375,077 810 80 92,076 541 82 43,AVS,756.0293.9529.06
reddog572,(321)-029-7082,(467)-435-7348,"",""
happymouse401,008-84006967,0917-268-2243,"",""
brownmouse811,(45) 9817-4360,(37) 4085-4907,"",""
organictiger154,(60) 7213-4074,(22) 4994-7431,"",""
greendog182,(073)-075-9987,(103)-562-1590,"",""
bigwolf863,02-787-964,041-477-24-77,HETU,NaNNA209undefined
organicpanda187,0117-6665202,0174-7426641,"",""
organicfrog694,0226-1927513,0175-5418741,"",""
blacktiger826,27570980,73854865,CPR,240457-4013
angrytiger463,16882111,80734372,CPR,230682-7880
blackfish342,021-955-8643,081-929-6172,PPS,0756241T
whitecat483,(59) 4025-5899,(95) 6142-4714,"",""
ticklishpeacock185,09-1802-1911,0476-488-068,TFN,697027938
tinybear251,(32) 1226-3465,(06) 4352-3316,"",""
silverkoala202,902-375-300,661-300-092,DNI,82048532-N
brownfish395,023 3931 4168,0714-753-572,NINO,OS 00 81 15 Z
angrylion534,01161 95720,0711-257-184,NINO,LW 13 07 13 R
bigladybug636,(818)-082-7985,(562)-821-5692,SSN,265-53-9020
blackladybug564,977-086-613,682-042-882,DNI,27629684-V
crazytiger241,(731)-419-4776,(599)-798-8722,SSN,283-16-3415
brownswan154,04-6202-6172,0418-946-976,TFN,277224635
organicdog936,922-506-701,658-162-036,DNI,14300508-W
smalltiger427,(413)-700-4713,(626)-114-7160,"",""
greengorilla933,051-695-0696,081-178-6915,PPS,1667011T
happyfish717,(258)-912-9911,(247)-596-8369,SSN,577-38-0597
goldentiger744,0824-4416099,0172-4639158,"",""
angryfrog233,(917)-455-4510,(042)-091-7403,BSN,78136753
yellowmouse719,09-1007-0309,0443-218-735,TFN,348034275
sadrabbit363,05-521-730,043-419-66-76,HETU,NaNNA025undefined
brownpanda310,075 654 93 94,078 165 83 72,AVS,756.0257.6945.65
yellowtiger681,(866)-213-7417,(080)-052-9137,"",""
blueswan799,0615-5512934,0170-0447553,"",""
bluewolf875,03-92-55-22-52,06-31-73-36-29,INSEE,1NNaN76734534 85
angrypanda233,21907567,90776332,FN,04127500571
silvertiger609,82579368,44149435,FN,31126917735
bigkoala828,031-558-1870,081-393-7759,PPS,8504468T
orangeladybug990,(151)-466-1832,(270)-588-1773,BSN,85019720
whiterabbit730,060-41347006,0999-915-0784,"",""
organicfrog601,03-38-38-48-44,06-98-83-18-43,INSEE,2NNaN65838046 47
heavybutterfly966,021-911-6971,081-416-8356,PPS,5677339T
organickoala930,176-537-9663,558-566-1251,"",""
beautifulpanda500,96823864,13596788,CPR,020555-8400
greencat331,02-75-33-22-52,06-11-41-50-19,INSEE,1NNaN07356644 74
organicbird660,071-03738912,0939-733-8624,"",""
greenfish812,994-193-180,660-880-081,DNI,02663927-U
greenbutterfly244,011-169-7957,081-525-5605,PPS,8825012T
purplerabbit344,076 161 64 25,077 722 17 59,AVS,756.4200.5665.20
whiteduck936,999-917-585,676-283-592,DNI,90231443-Q
goldengorilla757,(170)-687-3544,(754)-975-7551,SSN,031-42-3944
silverladybug435,(830)-666-8215,(435)-211-5406,"",""
yellowpeacock818,017684 46366,0775-416-802,NINO,WN 00 02 17 Q
bluerabbit778,0073-6374837,0174-7209791,"",""
happymouse423,(256)-046-3833,(976)-752-2909,"",""
happymeercat217,(92) 7547-2942,(65) 7752-3497,"",""
sadpanda500,078 731 44 03,075 836 78 37,AVS,756.2806.1405.25
redladybug692,02-9488-5114,0487-969-806,TFN,784796617
silverbear724,0968-5719244,0179-3349554,"",""
smallkoala340,(91) 3813-5518,(36) 7187-1145,"",""
sadmeercat115,(473)-787-8325,(424)-650-1704,BSN,49883572
tinyswan905,82579985,42768838,CPR,090993-3812
smallzebra204,(40) 9691-0366,(56) 6680-9015,"",""
blueostrich301,09-9278-5450,0401-800-176,TFN,203363144
happyrabbit583,(039)-708-9971,(888)-142-2846,"",""
silverbutterfly270,27591648,22356831,CPR,020992-7005
goldenmeercat531,03-213-237,043-312-97-68,HETU,NaNNA094undefined
beautifulrabbit730,530-832-5428,853-740-3620,"",""
orangemouse255,31882610,08695050,CPR,240463-8194
bluebird614,(11) 6403-8214,(04) 2238-7097,"",""
crazygorilla797,06-6232-0952,0428-769-694,TFN,845067169
organicmeercat376,(253)-627-1814,(349)-453-6139,BSN,99659938
ticklishrabbit969,(457)-332-0263,(246)-030-5148,BSN,61875193
orangelion778,(576)-439-3594,(388)-009-0341,SSN,009-96-4785
whitemeercat723,72692813,06426325,CPR,130594-2567
beautifulleopard870,(605)-988-2114,(698)-603-5027,"",""
greenleopard391,02-09-94-76-59,06-29-35-11-26,INSEE,2NNaN57118244 72
organicelephant625,(046)-030-4384,(552)-122-8382,BSN,46429618
yellowtiger576,(511)-281-5810,(360)-642-7725,"",""
goldenpeacock206,(622)-636-9714,(877)-632-5516,"",""
sadduck448,34575313,95770925,FN,03086205601
crazylion161,03793069,69882744,CPR,200866-0897
smallduck805,09-164-938,041-297-99-54,HETU,NaNNA674undefined
smallsnake741,05-1603-8372,0483-213-995,TFN,891443437
blueswan290,071-200-7239,081-622-9620,PPS,2109646T
smallduck226,(602)-901-7143,(049)-331-1412,BSN,81188972
brownfrog213,(662)-062-9486,(277)-519-7484,"",""
crazyswan750,54598978,94129588,FN,08019005861
smallsnake603,086-06990005,0913-716-5708,"",""
purpleduck527,(679)-522-9159,(697)-719-2729,"",""
sadfrog795,08-4509-7978,0481-012-617,TFN,825444630
lazyostrich715,(870)-872-7999,(269)-464-9116,"",""
bluelion912,(16) 0806-7578,(16) 2387-3005,"",""
purplewolf568,016977 2829,0711-913-326,NINO,OC 21 49 30 Q
beautifulgorilla203,071-134-7056,081-646-2630,PPS,3716076T
yellowfish491,09-623-400,043-571-77-63,HETU,NaNNA648undefined
yellowswan637,031-947-8109,081-552-0942,PPS,9976211T
purpleladybug914,076 887 63 86,076 315 51 07,AVS,756.8225.9375.78
redbutterfly781,01-78-01-33-11,06-64-83-10-57,INSEE,1NNaN23288298 83
brownswan870,041-088-9038,081-519-0675,PPS,1783513T
beautifultiger856,07-477-354,049-059-97-67,HETU,NaNNA781undefined
yellowmeercat303,09-565-206,048-012-64-39,HETU,NaNNA745undefined
blackwolf223,(409)-197-0220,(546)-711-0929,BSN,65629481
yellowcat153,016973 82200,0752-553-690,NINO,YS 33 52 47 F
happytiger602,76584926,90128328,FN,18108418008
greenlion720,914-062-512,618-993-277,DNI,66048121-H
lazykoala832,02-41-40-08-21,06-24-90-49-39,INSEE,2NNaN48377173 27
organicgoose185,60316496,57750649,CPR,260759-6488
redzebra689,(521)-757-7796,(664)-597-1742,SSN,104-04-6121
ticklishsnake831,09-609-514,040-745-47-33,HETU,NaNNA771undefined
happyladybug241,04-16-74-68-51,06-84-62-07-92,INSEE,1NNaN52363839 55
whitefish944,059-69590857,0908-286-8071,"",""
sadbear141,219-759-3820,176-612-3312,"",""
redpanda967,775-412-9093,346-111-0800,"",""
lazygorilla715,(15) 4745-8248,(52) 2921-5454,"",""
purplezebra709,0267-5591442,0178-3327756,"",""
smalldog793,0110333 641 5912,0725-656-713,NINO,WL 78 57 48 S
silverbutterfly657,54602640,99508238,CPR,181294-8197
bluegoose800,013873 03045,0765-412-742,NINO,HA 03 31 42 T
happybutterfly929,075 481 03 00,076 793 28 03,AVS,756.0664.0217.69
purpleduck256,(547)-577-4953,(436)-059-0973,BSN,66447878
smallbutterfly788,77498816,45223907,FN,22125502257
smallcat295,(702)-369-8330,(823)-807-0999,SSN,913-78-3986
redbutterfly277,06-6970-5254,0490-251-389,TFN,864799213
heavypanda102,(521)-400-2840,(885)-685-2437,SSN,273-79-1544
brownduck797,66113119,50340946,CPR,180346-7805
blacklion125,(35) 6050-6860,(65) 9030-7350,"",""
silvergoose813,541-973-4759,969-192-9586,"",""
brownfish531,29309047,93467793,FN,23017734598
crazybear466,81981220,90751804,FN,12095706493
angryrabbit500,0460-9205002,0175-9805438,"",""
redfish666,08-5328-5053,0441-323-905,TFN,190716695
blackpanda420,08-5847-2658,0401-477-940,TFN,978984587
happypeacock352,079 814 76 29,076 668 49 37,AVS,756.3457.4782.03
sadelephant461,(029)-413-6775,(086)-392-5385,BSN,97994688
orangekoala262,015396 61864,0790-829-402,NINO,SE 90 77 98 N
smallfish273,956-440-529,620-393-579,DNI,22508133-S
redgorilla397,02-57-30-47-63,06-09-61-44-16,INSEE,1NNaN26147434 42
silverladybug401,03-918-392,047-191-52-47,HETU,NaNNA123undefined
organicleopard352,(991)-710-7587,(449)-158-0035,BSN,59965590
silverwolf459,(444)-152-3858,(974)-575-9765,SSN,772-75-3233
yellowrabbit395,(538)-144-0906,(581)-584-6990,BSN,70307028
lazymouse266,(244)-114-4462,(993)-432-7698,SSN,207-98-7798
whitegoose784,(001)-973-2087,(035)-750-1958,BSN,34038922
ticklishladybug221,043-32832367,0965-533-2827,"",""
ticklishfrog249,02815637,83562867,CPR,221088-8823
redswan473,049-44050093,0963-982-2840,"",""
blackladybug341,76549149,91632118,FN,21046718639
organicfish534,(999)-742-6297,(822)-852-8727,BSN,20246758
heavyrabbit908,(266)-608-1001,(176)-350-3933,"",""
goldenostrich459,(641)-992-6241,(609)-028-6627,BSN,28527599
blackkoala514,981-555-798,606-291-598,DNI,96625284-P
orangeladybug738,64798160,33414742,CPR,020886-9292
brownrabbit472,(73) 3837-8744,(31) 1626-7784,"",""
redelephant567,85914490,90593664,FN,13127421573
browngoose527,032-66936677,0996-983-9185,"",""
organicbutterfly466,(130)-598-3624,(710)-755-5590,"",""
happyswan390,03-07-69-32-64,06-76-74-33-91,INSEE,2NNaN10821621 46
purplesnake575,82648469,31026708,CPR,160745-2195
whitekoala448,(163)-522-9053,(117)-182-3625,SSN,117-07-8122
silvergoose263,09-079-647,048-828-81-80,HETU,NaNNA106undefined
beautifulmeercat565,48861478,97601819,CPR,091086-1039
sadfish864,(119)-503-5065,(756)-133-9032,SSN,468-84-3963
orangeleopard677,(875)-639-0287,(920)-146-4974,"",""
silverbird440,061-765-1130,081-489-4477,PPS,6826868T
tinyelephant810,(992)-175-8826,(943)-342-8545,SSN,622-76-1117
redswan110,05-2379-2593,0460-280-382,TFN,242970689
organicpeacock358,031-836-0460,081-726-0508,PPS,0707635T
yellowgoose255,(08) 6803-9792,(47) 4729-7215,"",""
smallzebra690,(660)-594-7265,(082)-956-6736,SSN,232-66-5084
orangedog920,(515)-938-3168,(380)-760-6537,SSN,643-72-6460
silverdog358,00-1791-9553,0486-215-158,TFN,493794531
greenbird953,(306)-161-8882,(597)-117-9579,"",""
greenlion154,(705)-113-8674,(173)-926-5435,"",""
redwolf744,011-402-7075,081-519-2230,PPS,3922924T
silvermeercat673,0691-6877407,0176-5284748,"",""
beautifulfrog824,061-846-1163,081-929-7525,PPS,8856901T
happymeercat490,85592873,91126335,FN,24066713659
brownbird822,53224762,06344690,CPR,281274-7705
bigfish318,(03) 7961-7573,(85) 8232-4954,"",""
happytiger319,(191)-034-3223,(751)-516-2726,BSN,16102621
heavyzebra337,927-933-742,699-565-252,DNI,64454439-X
sadostrich303,0936-9992528,0174-4481076,"",""
heavypeacock981,924-562-829,607-783-170,DNI,74561287-Z
silverfish696,075 732 68 81,075 209 92 88,AVS,756.7461.6932.28
happymeercat132,(26) 4452-5422,(27) 2389-4976,"",""
angrymouse953,(386)-019-9412,(512)-014-5992,"",""
bluebutterfly711,(944)-402-5699,(139)-972-4329,BSN,08497690
greenbear694,0181 235 9487,0706-628-657,NINO,WG 00 55 11 V
yellowleopard363,(113)-501-0770,(075)-165-2759,"",""
silverpeacock375,(128)-400-4124,(754)-081-6743,"",""
bigdog462,04-77-73-96-76,06-55-88-88-67,INSEE,2NNaN03770233 54
happyrabbit987,(689)-004-6959,(539)-211-1472,BSN,23195093
bigbird465,(707)-132-1166,(128)-049-4434,"",""
greenleopard574,817-962-5957,228-316-3668,"",""
bigleopard761,051-863-5254,081-004-8295,PPS,2899545T
redzebra552,39355994,49506411,FN,05047947989
yellowswan217,(769)-845-3067,(157)-944-9805,SSN,828-56-7243
happyostrich283,(64) 4965-7232,(68) 8973-9059,"",""
greenleopard249,73503431,96920745,FN,12039614063
browncat566,07345883,06312948,CPR,281049-3110
purplebird930,02-32-61-20-45,06-59-37-33-77,INSEE,1NNaN72397107 37
redtiger393,017684 99056,0756-354-638,NINO,PJ 33 22 44 F
redwolf112,051-389-9347,081-730-9033,PPS,3887005T
happypeacock680,05-4756-9564,0472-254-239,TFN,397050814
crazygoose899,(133)-173-7746,(968)-521-1948,SSN,409-13-3718
bluecat669,05-1138-7343,0467-006-322,TFN,276036487
bluefrog907,964-391-662,675-216-222,DNI,18372097-T
purpleostrich553,588-378-7670,596-086-5472,"",""
goldenfish757,(56) 0998-9505,(86) 6734-5259,"",""
whiteladybug938,272-776-7670,382-139-4382,"",""
lazybird735,02-88-14-29-59,06-07-38-20-06,INSEE,1NNaN66269191 83
happylion748,111-150-6977,036-893-9554,"",""
whitefrog120,24116931,47315079,FN,09096526498
angryzebra619,54492893,47612935,FN,16035506458
goldenzebra948,061-540-2263,081-253-1811,PPS,5740332T
smallostrich537,0848-4970598,0179-6711744,"",""
brownbear930,59089468,94092802,FN,01098331758
beautifulbutterfly494,05-705-452,046-478-53-15,HETU,NaNNA108undefined
angrytiger657,758-875-0683,885-902-2131,"",""
purplelion130,993-228-075,616-418-535,DNI,11090838-R
whitegoose370,932-223-806,671-072-752,DNI,71033191-I
whiteleopard525,(06) 0781-3588,(02) 1800-2172,"",""
greenmouse574,0623-6349883,0179-3053533,"",""
smallmeercat660,(306)-499-7752,(608)-461-4579,"",""
bluepanda509,094-74655987,0954-584-8197,"",""
silverlion266,(059)-740-8029,(922)-306-4897,"",""
angryladybug682,077 057 54 85,079 050 28 95,AVS,756.7032.3357.03
bigpeacock833,94780142,71564239,CPR,091266-7616
sadgorilla553,016973 94579,0743-532-111,NINO,TB 75 62 93 A
bigostrich158,973-504-443,632-286-422,DNI,13372469-L
silvergoose379,(772)-657-9286,(973)-181-8063,SSN,647-22-8241
greenzebra190,(010)-133-4570,(430)-168-1019,BSN,20268080
brownladybug693,0767-9484775,0179-0688343,"",""
orangeostrich885,04-26-40-63-87,06-95-59-17-10,INSEE,2NNaN60673919 14
crazyleopard567,011-874-2982,081-312-2079,PPS,1456842T
lazyfrog955,09-471-044,049-277-64-08,HETU,NaNNA037undefined
angryfish854,37833026,97141741,FN,27085718423
angryladybug320,32788730,43770186,FN,26016728364
goldendog844,001-59533017,0987-906-8565,"",""
sadmeercat825,017687 25577,0792-469-808,NINO,NX 41 53 26 B
bigcat268,944-390-073,670-994-798,DNI,54120211-A
blueladybug684,05-1899-1083,0423-009-167,TFN,361388969
crazycat976,0859-7050983,0170-9208909,"",""
sadtiger537,0112665 988 2426,0704-715-145,NINO,AC 63 01 27 O
lazyleopard978,079 999 53 39,077 914 97 51,AVS,756.1158.8119.76
whitekoala186,(134)-259-2119,(098)-109-6758,"",""
crazyelephant386,0843-5345420,0174-2687462,"",""
tinybear200,(498)-636-2079,(090)-236-7282,"",""
browndog950,(692)-256-0277,(137)-700-8883,"",""
redfish804,061-562-7871,081-477-3599,PPS,3820674T
sadpanda370,428-674-4335,961-796-8092,"",""
sadleopard187,(48) 9400-9311,(85) 7622-9569,"",""
blackmouse571,(533)-834-2960,(631)-649-0306,"",""
beautifulwolf757,73037371,42414737,FN,31016129219
beautifulleopard647,(290)-960-3674,(846)-059-0409,"",""
smallfrog134,071-808-5006,081-953-7185,PPS,1337970T
lazykoala241,(071)-913-9969,(077)-635-6659,"",""
bigostrich218,971-552-795,628-169-887,DNI,86970530-M
beautifulbear200,(76) 2128-2644,(01) 4958-0624,"",""
lazypanda196,04-53-56-48-76,06-18-48-54-46,INSEE,2NNaN12039325 86
happytiger361,(072)-852-8897,(447)-028-2199,BSN,15195384
lazymouse986,(389)-254-0071,(858)-494-5083,"",""
beautifulleopard121,05-3882-2507,0414-037-024,TFN,143782485
silvercat376,029-00276386,0986-856-2411,"",""
yellowelephant578,86625222,97311007,FN,24036935576
bigbutterfly761,075 605 48 03,078 479 33 65,AVS,756.3397.9470.25
lazydog893,05-76-88-65-48,06-61-59-99-03,INSEE,1NNaN40396883 80
crazymouse278,(544)-109-6347,(571)-267-8749,"",""
sadwolf411,(913)-270-2150,(263)-651-0294,"",""
smallfrog224,(30) 8309-7226,(50) 1476-9688,"",""
silverelephant418,(708)-611-8039,(061)-453-0218,SSN,831-71-5808
whitepanda159,088-12778731,0930-316-0338,"",""
lazyfish956,029-13681402,0960-893-2027,"",""
happywolf780,(993)-293-3260,(443)-052-7149,BSN,22641934
heavyfish716,53579558,08386015,CPR,270575-9975
redfrog127,0942-8998811,0173-6778967,"",""
happymouse669,(467)-724-3459,(169)-977-0255,"",""
greenbear300,72012495,47426697,FN,24118431231
bluewolf608,(687)-702-7536,(245)-778-3164,BSN,39884506
angryrabbit804,01-7607-4187,0400-983-378,TFN,393720417
smallbutterfly427,48123299,37616458,CPR,180991-7219
blackladybug601,(744)-228-0831,(084)-168-7690,SSN,791-36-5823
blackswan831,017683 03886,0715-840-085,NINO,MY 10 66 98 Y
greenwolf776,03-15-44-69-35,06-21-30-21-40,INSEE,1NNaN97232793 70
blackostrich449,(449)-623-4263,(560)-633-3309,SSN,078-17-6047
bluerabbit120,243-405-3459,723-087-4725,"",""
silvergoose303,09-8846-1523,0442-153-195,TFN,345839886
goldenelephant580,0164-9484992,0177-0537242,"",""
yellowsnake981,(43) 4006-7352,(46) 8689-8103,"",""
orangelion457,32244299,94490042,FN,01096321062
greentiger268,09-9591-2201,0403-692-069,TFN,360559404
happyladybug201,95399846,52566954,CPR,030783-7626
bluebutterfly772,08-807-084,043-186-50-44,HETU,NaNNA442undefined
whitekoala695,011-324-8729,081-664-7256,PPS,5760555T
orangezebra120,12579367,75613829,CPR,280490-8233
greenlion923,02-29-32-26-07,06-61-41-17-77,INSEE,1NNaN50662353 86
beautifulwolf942,(378)-833-4570,(593)-130-1083,"",""
bigpeacock364,0998-5793208,0170-8303617,"",""
brownmouse528,(87) 1581-3770,(06) 7173-4115,"",""
whiteduck697,04-88-68-04-13,06-80-68-42-56,INSEE,2NNaN30532130 22
yellowsnake620,017687 31783,0790-136-664,NINO,SX 81 50 22 U
beautifulwolf932,(571)-942-8129,(916)-746-0847,BSN,04264794
silverfish688,063-40762080,0966-704-7661,"",""
heavytiger589,(762)-469-5776,(119)-266-4493,"",""
crazytiger561,941-121-341,627-733-571,DNI,10147125-O
bigcat968,02-59-36-71-26,06-38-48-63-52,INSEE,2NNaN61833109 71
sadbutterfly560,79933297,49517589,FN,12089835893
sadkoala818,09-6583-7330,0492-285-772,TFN,045792971
brownwolf695,(478)-591-0949,(422)-299-9469,SSN,913-96-4953
goldenbutterfly166,06-0606-1001,0413-849-681,TFN,088948055
angrybear732,(79) 5893-6487,(00) 5289-7536,"",""
blackostrich359,01-9212-8073,0487-818-635,TFN,801814932
happybutterfly255,021-185-2019,081-422-1704,PPS,9301910T
organicgoose264,03-460-398,045-859-88-55,HETU,NaNNA045undefined
yellowkoala291,(615)-792-9156,(533)-601-0503,"",""
beautifulgorilla709,14969422,06652935,CPR,280989-8178
purplelion829,061-297-8794,081-827-7507,PPS,2841412T
purplekoala802,(409)-519-9870,(062)-324-7699,SSN,330-90-6416
organicbird667,(53) 1126-2543,(69) 1682-9319,"",""
blueleopard301,041-443-9520,081-620-1716,PPS,8337466T
redladybug610,0829-6000719,0177-2420298,"",""
beautifulduck287,97151860,38797515,CPR,130161-4784
orangecat643,019467 49207,0761-668-818,NINO,EY 98 10 71 H
tinybutterfly865,061-031-3803,081-342-6421,PPS,0030496T
brownmeercat548,(219)-282-6311,(399)-581-2903,SSN,908-54-7959
smallswan439,981-982-724,626-206-257,DNI,66584469-J
sadleopard424,(920)-662-7215,(597)-366-1894,SSN,340-61-8510
redleopard292,07-8435-6974,0487-087-372,TFN,350219971
bluecat515,(115)-909-4241,(548)-927-3720,BSN,79883947
beautifulfrog100,19010002,17809395,CPR,180668-3870
purplebear298,05-377-548,043-971-84-62,HETU,NaNNA738undefined
organicsnake614,29118919,05209580,CPR,261275-4090
blackwolf825,(801)-817-1218,(707)-458-3199,SSN,926-59-0805
crazybear995,55446605,89117307,CPR,060288-7315
beautifulcat784,031-247-6201,081-484-9093,PPS,5665134T
bluegoose620,72810719,49208743,FN,27117745924
goldenkoala407,79340720,79156381,CPR,290447-0579
redostrich147,04-862-470,046-130-83-96,HETU,NaNNA722undefined
beautifulbear881,019467 45691,0741-853-262,NINO,ES 35 71 68 K
greenelephant772,(688)-359-8465,(263)-836-2541,SSN,303-63-6119
bluegorilla165,83052612,49395279,FN,22046934613
goldenwolf793,(661)-927-7040,(531)-069-1519,"",""
angrygorilla773,020 8793 8783,0719-180-715,NINO,BG 71 27 60 F
silversnake876,0228-0877985,0178-5314131,"",""
heavybird437,076 108 69 88,079 662 09 00,AVS,756.3265.6240.04
organickoala734,0917-9596479,0173-1021256,"",""
orangeswan486,011-722-8350,081-470-2009,PPS,2362471T
bigbird175,077 407 16 79,075 178 35 48,AVS,756.2356.3288.20
happytiger690,926-766-900,640-102-195,DNI,91678092-S
happygoose331,076 177 01 39,077 549 55 94,AVS,756.2470.3114.32
lazyzebra135,066-16597273,0961-185-5881,"",""
redswan965,01447 896607,0776-043-617,NINO,BS 64 18 26 A
brownmouse660,(72) 6509-9557,(73) 9588-9049,"",""
silverswan512,031-374-0625,081-247-4157,PPS,4045558T
crazyduck606,085-46421189,0934-755-4063,"",""
angryzebra750,(282)-023-6382,(953)-801-0519,SSN,127-83-8058
sadgorilla496,(192)-818-7164,(845)-408-0548,SSN,853-17-4962
bigleopard440,(883)-880-9425,(602)-274-7029,"",""
heavygoose216,29010642,96542022,CPR,100757-1344
brownbutterfly909,01-3162-5036,0483-596-412,TFN,332119268
bluedog445,09-3186-0891,0420-063-138,TFN,101145235
bluewolf142,0191 291 0248,0713-583-770,NINO,XX 29 32 78 W
goldengorilla954,959-953-545,678-152-136,DNI,79852143-B
organicgorilla431,076 997 29 97,075 334 57 64,AVS,756.1275.5371.08
purpleswan939,904-679-201,618-309-054,DNI,96335512-J
greenmouse951,07-501-154,046-290-43-00,HETU,NaNNA649undefined
sadostrich247,(856)-065-9826,(041)-765-5382,"",""
tinytiger684,077 316 99 50,077 088 98 19,AVS,756.5422.8664.87
beautifuldog275,077 387 09 39,076 557 02 21,AVS,756.6863.2687.89
heavyostrich410,965-269-818,610-229-651,DNI,11301057-F
happycat421,051-34945784,0998-487-6075,"",""
orangezebra290,08-058-733,044-134-55-64,HETU,NaNNA791undefined
purplepeacock246,011-649-4567,081-455-6039,PPS,5902287T
bluemeercat282,021 3370 0232,0766-425-809,NINO,TR 99 38 82 A
yellowkoala738,015394 76562,0757-486-262,NINO,JZ 14 37 10 W
silverpeacock329,(21) 5857-7319,(71) 1712-6394,"",""
tinyduck295,01-0470-5765,0449-897-998,TFN,247136439
angryzebra859,016973 61700,0780-755-145,NINO,BL 21 66 11 V
sadrabbit558,905-499-748,674-542-692,DNI,01313287-N
yellowduck846,(36) 0690-8552,(53) 5516-8487,"",""
whitegorilla344,09-299-549,045-579-88-98,HETU,NaNNA629undefined
yellowrabbit356,02-56-64-48-86,06-92-48-94-58,INSEE,2NNaN65943769 74
angryladybug439,08-091-936,043-175-43-50,HETU,NaNNA445undefined
crazypeacock546,045-49153019,0936-839-8394,"",""
happyelephant186,695-417-7895,573-341-7424,"",""
orangekoala402,336-828-1655,975-767-8398,"",""
happylion305,03-049-090,049-943-88-89,HETU,NaNNA285undefined
greenkoala205,08-8135-7320,0437-904-655,TFN,070984734
tinywolf391,34253613,83253017,CPR,290248-8404
beautifulleopard549,955-606-175,679-434-471,DNI,74726668-X
greenpeacock598,(717)-390-4355,(452)-987-6173,"",""
yellowgorilla181,(914)-830-3988,(545)-450-7249,"",""
lazycat221,99590224,32231566,CPR,190259-9776
purplebutterfly423,015242 12038,0731-638-410,NINO,EE 81 91 12 Y
ticklishsnake751,03-85-54-49-45,06-74-23-37-49,INSEE,1NNaN07506091 82
lazybear108,05-63-92-40-32,06-30-90-95-16,INSEE,1NNaN22304146 65
sadostrich683,04-07-97-01-98,06-51-02-93-35,INSEE,2NNaN06117384 96
organicgorilla822,(821)-259-4612,(225)-944-3536,BSN,52441808
brownpeacock389,(309)-789-6860,(762)-316-3163,BSN,09757530
tinybutterfly752,075 681 62 82,078 516 44 51,AVS,756.7331.5869.17
tinyladybug247,(23) 8315-4153,(63) 5812-3025,"",""
lazyzebra168,021-833-2610,081-599-4696,PPS,1034636T
silverostrich781,(711)-817-5846,(182)-960-9850,"",""
ticklishcat634,076 277 08 60,078 785 09 03,AVS,756.9253.5565.35
sadpanda639,09-9446-7070,0473-948-550,TFN,399218690
silvertiger925,20615364,98949104,FN,03038043535
redostrich152,074-76771554,0901-863-4385,"",""
organicfish728,66103148,43369697,FN,20087014216
beautifulleopard890,27025378,78046717,CPR,061186-8243
goldenfrog977,0499-8853100,0173-5691444,"",""
heavywolf335,0544-2496059,0170-0176696,"",""
organicswan923,016973 81393,0769-652-549,NINO,MG 23 21 28 M
beautifulmouse629,013-88911221,0924-780-5890,"",""
sadbear574,(79) 4502-5321,(65) 8292-2049,"",""
redtiger554,82134801,90225605,FN,29087138397
bigbird537,051-335-7463,081-481-5075,PPS,4020500T
silverleopard957,0181 034 6680,0708-964-969,NINO,SL 94 87 41 Y
orangedog698,078 026 88 71,076 163 46 62,AVS,756.2201.2112.42
bluelion736,922-826-975,684-300-498,DNI,21311452-G
happypanda681,078 134 06 34,075 986 08 48,AVS,756.3708.5310.82
beautifulfrog747,(964)-396-2451,(552)-854-0600,SSN,009-43-3235
ticklishostrich334,02-867-210,045-875-17-08,HETU,NaNNA332undefined
brownrabbit214,062-03760263,0991-378-7102,"",""
orangebird763,071-588-2126,081-484-6715,PPS,4792203T
heavywolf900,985-012-3084,194-187-5630,"",""
crazyleopard460,02-8651-9100,0473-494-086,TFN,019301098
silverostrich268,05-20-91-23-14,06-33-63-11-80,INSEE,1NNaN82495606 04
whitepeacock583,(29) 1037-7737,(03) 6104-5875,"",""
organicfrog363,948-030-412,654-791-722,DNI,19857635-M
whitepanda123,076 703 26 33,079 682 39 27,AVS,756.4881.7124.85
silverpanda452,45946125,05009619,CPR,231282-6699
smallmouse583,01-0095-7789,0412-627-383,TFN,571212911
lazybear825,(621)-613-7731,(601)-305-5240,"",""
happyladybug617,75071679,42608341,FN,03069602966
silverfrog373,021-129-1187,081-476-8274,PPS,6671392T
yellowpeacock213,(863)-779-0092,(884)-183-0291,SSN,200-45-1403
yellowrabbit284,0947-8231839,0175-9392046,"",""
crazykoala473,24244474,46571528,FN,27109532687
beautifulmouse454,919-105-879,682-337-009,DNI,85806883-O
angrygoose302,04-94-01-88-92,06-90-79-23-34,INSEE,1NNaN02635395 93
greenzebra410,(43) 3852-7943,(39) 8407-2007,"",""
yellowwolf711,0892-3468079,0177-5373517,"",""
whitegoose260,067-57771290,0949-117-3067,"",""
bigfish913,014-41216884,0928-641-5388,"",""
ticklishostrich353,05-560-809,043-402-25-87,HETU,NaNNA892undefined
sadwolf550,079 987 64 38,076 397 71 54,AVS,756.7377.8740.64
ticklishzebra106,086-41922027,0950-630-4211,"",""
whitemouse323,077 592 40 93,078 615 90 69,AVS,756.0854.7474.86
ticklishfrog876,73339417,18646883,CPR,120249-1167
heavyswan259,078 278 52 45,078 605 23 01,AVS,756.4537.3332.87
blackbird846,94440570,71769912,CPR,011087-6183
angryladybug796,07-2597-5472,0435-160-997,TFN,604212461
bigleopard315,(201)-894-7778,(293)-184-1987,BSN,41630058
smallsnake411,(53) 1776-3766,(57) 1508-8664,"",""
bluebutterfly695,08-1966-5234,0437-000-660,TFN,344181661
organicbutterfly238,077 375 73 90,078 385 78 47,AVS,756.7070.4379.67
redostrich935,924-240-147,615-911-593,DNI,50931215-L
crazykoala229,(235)-949-3426,(799)-969-6727,SSN,911-13-6650
heavylion242,09-993-630,040-232-23-36,HETU,NaNNA348undefined
orangeduck763,54879119,41929126,FN,09017525279
greenbird683,02-024-121,049-642-43-46,HETU,NaNNA403undefined
bigfish900,(267)-057-8335,(225)-157-4392,SSN,754-32-3507
happygoose669,40094964,92026689,CPR,300873-1974
tinylion505,63007320,44380839,CPR,141065-3295
heavyswan975,(72) 2032-1418,(35) 4101-4626,"",""
bigsnake486,080-38425465,0921-235-4106,"",""
lazyduck917,(81) 5621-4420,(24) 9187-7321,"",""
redfish379,991-844-357,620-261-836,DNI,74518658-U
ticklishleopard445,086-43885975,0937-536-3867,"",""
tinyfrog677,015242 78593,0767-474-477,NINO,ZT 85 50 30 B
redmeercat631,38969549,41703453,FN,24018713302
redladybug919,78962691,43664216,FN,09018906896
yellowleopard694,129-072-7643,488-951-2878,"",""
purplebear890,063-592-3812,028-163-0427,"",""
smallmouse302,(603)-579-7505,(378)-407-8189,"",""
smallswan356,021-519-0760,081-221-2534,PPS,2036270T
redzebra658,27164380,46513951,FN,09069019916
smallbear502,077 300 94 10,077 865 56 24,AVS,756.2210.4341.52
angrybird714,38267567,48239016,CPR,271252-6024
